concessionaria;data;horario;n_da_ocorrencia;tipo_de_ocorrencia;km;trecho;sentido;tipo_de_acidente;automovel;bicicleta;caminhao;moto;onibus;outros;tracao_animal;transporte_de_cargas_especiais;trator_maquinas;utilitarios;ilesos;levemente_feridos;moderadamente_feridos;gravemente_feridos;mortos
ECOPONTE;10/03/2017;06:36:00;15;com vítima;324,5;BR-101/RJ;Sul;Colisão - Traseira;1;0;0;0;0;0;0;0;0;0;0;1;0;0;0
ECOPONTE;10/03/2017;06:45:00;16;sem vítima;323,2;BR-101/RJ;Sul;Engavetamento;3;0;0;0;1;0;0;0;0;0;4;0;0;0;0
ECOPONTE;10/03/2017;08:35:00;31;sem vítima;334;BR-101/RJ;Sul;Colisão - Lateral;0;0;1;0;1;0;0;0;0;0;1;0;0;0;0
ECOPONTE;12/03/2017;16:55:00;46;sem vítima;328;BR-101/RJ;Sul;Colisão - Traseira;2;0;0;0;0;0;0;0;0;0;8;0;0;0;0
ECOPONTE;12/03/2017;19:21:00;60;com vítima;328,5;BR-101/RJ;Norte;Colisão - Traseira;2;0;0;0;0;0;0;0;0;0;0;1;0;0;0
ECOPONTE;13/03/2017;06:21:00;14;sem vítima;322;BR-101/RJ;Norte;Colisão - Lateral;1;0;1;0;0;0;0;0;0;0;1;0;0;0;0
ECOPONTE;13/03/2017;07:05:00;18;sem vítima;328;BR-101/RJ;Norte;Colisão - Traseira;1;0;0;1;0;0;0;0;0;0;1;0;0;0;0
ECOPONTE;13/03/2017;18:00:00;88;sem vítima;322;BR-101/RJ;Norte;Colisão - Lateral;1;0;0;0;1;0;0;0;0;0;1;0;0;0;0
ECOPONTE;13/03/2017;21:21:00;104;com vítima;324;BR-101/RJ;Sul;Colisão - Traseira;1;0;0;0;1;0;0;0;0;0;0;2;0;0;0
ECOPONTE;14/03/2017;07:17:00;21;sem vítima;323;BR-101/RJ;Sul;Colisão - Traseira;2;0;0;0;0;0;0;0;0;0;1;0;0;0;0
ECOPONTE;14/03/2017;07:55:00;29;sem vítima;334;BR-101/RJ;Sul;Colisão - Traseira;2;0;0;0;0;0;0;0;0;0;1;0;0;0;0
ECOPONTE;14/03/2017;09:40:00;39;sem vítima;334;BR-101/RJ;Norte;Colisão - Lateral;2;0;0;0;0;0;0;0;0;0;1;0;0;0;0
ECOPONTE;14/03/2017;11:09:00;55;sem vítima;325;BR-101/RJ;Norte;Colisão - Traseira;1;0;1;0;0;0;0;0;0;0;1;0;0;0;0
ECOPONTE;14/03/2017;11:59:00;58;sem vítima;324;BR-101/RJ;Sul;Colisão - Traseira;2;0;0;0;0;0;0;0;0;0;1;0;0;0;0
ECOPONTE;15/03/2017;15:11:00;57;sem vítima;326;BR-101/RJ;Sul;Colisão - Traseira;2;0;0;0;0;0;0;0;0;0;3;0;0;0;0
ECOPONTE;15/03/2017;15:54:00;59;sem vítima;326;BR-101/RJ;Sul;Colisão - Traseira;1;0;0;0;0;0;0;0;0;1;2;0;0;0;0
ECOPONTE;16/03/2017;17:33:00;78;com vítima;323;BR-101/RJ;Sul;Queda de moto;0;0;0;1;0;0;0;0;0;0;0;1;0;0;0
ECOPONTE;16/03/2017;18:28:00;87;sem vítima;333,3;BR-101/RJ;Norte;Colisão - Traseira;1;0;0;0;0;0;0;0;0;0;1;0;0;0;0
ECOPONTE;17/03/2017;15:26:00;69;sem vítima;325;BR-101/RJ;Sul;Colisão - Lateral;0;0;2;0;0;0;0;0;0;0;1;0;0;0;0
ECOPONTE;17/03/2017;22:00:00;114;sem vítima;322,3;BR-101/RJ;Norte;Colisão - Traseira;2;0;0;0;0;0;0;0;0;0;2;0;0;0;0
ECOPONTE;20/03/2017;01:39:00;5;sem vítima;322,8;BR-101/RJ;Sul;Colisão - Traseira;1;0;0;0;0;0;0;0;0;0;1;0;0;0;0
ECOPONTE;21/03/2017;10:14:00;42;com vítima;322,3;BR-101/RJ;Sul;Colisão - Traseira;1;0;0;2;0;0;0;0;0;0;1;1;0;0;0
ECOPONTE;22/03/2017;14:32:00;66;sem vítima;325;BR-101/RJ;Norte;Colisão - Lateral;0;0;0;0;1;0;0;0;0;1;1;0;0;0;0
ECOPONTE;23/03/2017;17:36:00;67;sem vítima;325;BR-101/RJ;Norte;Colisão - Traseira;2;0;0;0;0;0;0;0;0;0;2;0;0;0;0
ECOPONTE;24/03/2017;16:24:00;66;com vítima;321;BR-101/RJ;Sul;Queda de moto;0;0;0;1;0;0;0;0;0;0;0;1;0;0;0
ECOPONTE;24/03/2017;23:04:00;99;com vítima;333,9;BR-101/RJ;Sul;Choque Defensa;1;0;0;0;0;0;0;0;0;0;3;1;0;0;0
ECOPONTE;27/03/2017;08:46:00;36;sem vítima;322;BR-101/RJ;Sul;Colisão - Traseira;1;0;0;0;0;0;0;0;0;1;1;0;0;0;0
ECOPONTE;28/03/2017;09:05:00;29;sem vítima;332;BR-101/RJ;Sul;Colisão - Traseira;1;0;0;1;0;0;0;0;0;0;1;0;0;0;0
ECOPONTE;28/03/2017;12:54:00;51;sem vítima;324,5;BR-101/RJ;Sul;Colisão - Traseira;1;0;0;0;0;0;0;0;0;1;1;0;0;0;0
ECOPONTE;30/03/2017;08:21:00;25;com vítima;322;BR-101/RJ;Norte;Queda de moto;1;0;0;1;0;0;0;0;0;0;1;1;0;0;0
ECOPONTE;30/03/2017;12:01:00;39;sem vítima;328,5;BR-101/RJ;Norte;Colisão - Traseira;1;0;0;0;0;0;0;0;0;1;4;0;0;0;0
ECOPONTE;30/03/2017;15:26:00;58;sem vítima;333,5;BR-101/RJ;Sul;Colisão - Traseira;2;0;0;0;0;0;0;0;0;0;3;0;0;0;0
ECOPONTE;30/03/2017;22:51:00;90;sem vítima;334;BR-101/RJ;Sul;Colisão - Lateral;1;0;0;0;0;0;0;0;0;0;1;0;0;0;0
ECOPONTE;31/03/2017;14:04:00;54;sem vítima;322;BR-101/RJ;Sul;Colisão - Lateral;0;0;2;0;0;0;0;0;0;0;1;0;0;0;0
ECOPONTE;31/03/2017;16:15:00;68;com vítima;322,3;BR-101/RJ;Norte;Colisão - Traseira;1;0;0;1;0;0;0;0;0;0;0;1;0;0;0
ECOPONTE;01/04/2017;07:18:00;17;sem vítima;327,5;BR-101/RJ;Norte;Choque - Meio Fio;1;0;0;0;0;0;0;0;0;0;1;0;0;0;0
ECOPONTE;02/04/2017;09:50:00;22;sem vítima;333;BR-101/RJ;Norte;Colisão - Lateral;3;0;0;0;0;0;0;0;0;0;1;0;0;0;0
ECOPONTE;02/04/2017;17:05:00;53;sem vítima;325;BR-101/RJ;Norte;Colisão - Traseira;2;0;0;0;0;0;0;0;0;0;2;0;0;0;0
ECOPONTE;03/04/2017;07:39:00;13;com vítima;331,5;BR-101/RJ;Sul;Queda de moto;0;0;0;1;0;0;0;0;0;0;1;0;1;0;0
ECOPONTE;03/04/2017;17:17:00;63;com vítima;321;BR-101/RJ;Norte;Colisão - Lateral;0;0;0;1;1;0;0;0;0;0;0;1;0;0;0
ECOPONTE;03/04/2017;17:50:00;67;com vítima;326,5;BR-101/RJ;Sul;Colisão - Traseira;2;0;0;0;0;0;0;0;0;0;1;1;0;0;0
ECOPONTE;04/04/2017;10:42:00;42;sem vítima;322,5;BR-101/RJ;Norte;Colisão - Lateral;0;0;0;0;0;0;0;0;0;2;2;0;0;0;0
ECOPONTE;04/04/2017;12:30:00;51;com vítima;333,9;BR-101/RJ;Norte;Colisão - Traseira;2;0;1;0;0;0;0;0;0;0;2;0;1;0;0
ECOPONTE;05/04/2017;12:08:00;43;com vítima;321;BR-101/RJ;Sul;Colisão - Lateral;1;0;0;1;0;0;0;0;0;0;0;1;0;0;0
ECOPONTE;05/04/2017;12:19:00;46;sem vítima;322,3;BR-101/RJ;Norte;Choque - Sinalização;0;0;1;0;0;0;0;0;0;0;1;0;0;0;0
ECOPONTE;06/04/2017;06:20:00;18;sem vítima;325;BR-101/RJ;Sul;Colisão - Traseira;2;0;0;0;0;0;0;0;0;2;1;0;0;0;0
ECOPONTE;07/04/2017;05:06:00;8;sem vítima;321;BR-101/RJ;Norte;Choque - Meio Fio;1;0;0;0;0;0;0;0;0;0;1;0;0;0;0
ECOPONTE;07/04/2017;18:55:00;73;sem vítima;322;BR-101/RJ;Norte;Colisão - Lateral;1;0;1;0;0;0;0;0;0;0;1;0;0;0;0
ECOPONTE;08/04/2017;07:43:00;16;sem vítima;324,5;BR-101/RJ;Norte;Colisão - Traseira;2;0;0;0;0;0;0;0;0;0;2;0;0;0;0
ECOPONTE;10/04/2017;07:35:00;12;sem vítima;322;BR-101/RJ;Norte;Colisão - Lateral;1;0;0;0;1;0;0;0;0;0;1;0;0;0;0
ECOPONTE;10/04/2017;12:49:00;50;com vítima;325;BR-101/RJ;Sul;Colisão - Lateral;0;0;0;0;1;0;0;0;0;0;0;1;0;0;0
ECOPONTE;10/04/2017;19:18:00;88;com vítima;324;BR-101/RJ;Norte;Colisão - Transversal;1;0;0;1;0;0;0;0;0;0;0;2;0;0;0
ECOPONTE;11/04/2017;09:16:00;31;com vítima;334;BR-101/RJ;Norte;Queda de moto;1;0;0;0;0;0;0;0;0;0;0;0;1;0;0
ECOPONTE;11/04/2017;19:04:00;97;sem vítima;321;BR-101/RJ;Norte;Colisão - Lateral;0;0;0;1;0;0;0;0;0;0;1;0;0;0;0
ECOPONTE;11/04/2017;21:30:00;110;sem vítima;324;BR-101/RJ;Sul;Colisão - Traseira;2;0;0;0;0;0;0;0;0;0;1;0;0;0;0
ECOPONTE;11/04/2017;22:44:00;113;sem vítima;322,8;BR-101/RJ;Norte;Colisão - Traseira;2;0;0;0;0;0;0;0;0;0;2;0;0;0;0
ECOPONTE;12/04/2017;09:53:00;23;sem vítima;321;BR-101/RJ;Sul;Colisão - Traseira;1;0;0;0;0;0;0;0;0;1;2;0;0;0;0
ECOPONTE;12/04/2017;20:04:00;82;sem vítima;334;BR-101/RJ;Sul;Colisão - Traseira;1;0;0;0;1;0;0;0;0;1;1;0;0;0;0
ECOPONTE;12/04/2017;22:52:00;105;sem vítima;331,5;BR-101/RJ;Norte;Colisão - Traseira;3;0;0;0;0;0;0;0;0;0;1;0;0;0;0
ECOPONTE;13/04/2017;06:17:00;14;com vítima;326,5;BR-101/RJ;Norte;Colisão - Traseira;1;0;0;0;0;0;0;0;0;1;0;3;4;0;0
ECOPONTE;13/04/2017;06:18:00;15;com vítima;326,5;BR-101/RJ;Sul;Queda de moto;0;0;0;1;0;0;0;0;0;0;0;1;0;0;0
ECOPONTE;13/04/2017;06:53:00;19;sem vítima;322,3;BR-101/RJ;Sul;Colisão - Traseira;2;0;0;0;0;0;0;0;0;0;2;0;0;0;0
ECOPONTE;13/04/2017;10:38:00;43;sem vítima;326,5;BR-101/RJ;Sul;Colisão - Traseira;2;0;1;0;0;0;0;0;0;0;4;0;0;0;0
ECOPONTE;13/04/2017;11:19:00;49;sem vítima;326,7;BR-101/RJ;Sul;Colisão - Lateral;0;0;1;0;1;0;0;0;0;0;1;0;0;0;0
ECOPONTE;15/04/2017;15:49:00;59;com vítima;328,5;BR-101/RJ;Sul;Colisão - Traseira;2;0;0;0;0;0;0;0;0;0;0;0;2;0;0
ECOPONTE;16/04/2017;10:07:00;17;sem vítima;323;BR-101/RJ;Sul;Colisão - Lateral;2;0;0;0;0;0;0;0;0;0;2;0;0;0;0
ECOPONTE;16/04/2017;15:45:00;38;sem vítima;333,5;BR-101/RJ;Sul;Colisão - Traseira;3;0;0;0;0;0;0;0;0;0;1;0;0;0;0
ECOPONTE;16/04/2017;15:55:00;39;sem vítima;334;BR-101/RJ;Sul;Colisão - Traseira;3;0;0;0;0;0;0;0;0;0;1;0;0;0;0
ECOPONTE;17/04/2017;06:55:00;19;com vítima;322,3;BR-101/RJ;Sul;Colisão - Lateral;1;0;0;1;0;0;0;0;0;0;0;1;0;0;0
ECOPONTE;17/04/2017;18:10:00;96;sem vítima;324,5;BR-101/RJ;Norte;Colisão - Lateral;1;0;0;0;1;0;0;0;0;0;1;0;0;0;0
ECOPONTE;17/04/2017;18:43:00;99;sem vítima;321;BR-101/RJ;Norte;Colisão - Lateral;1;0;0;0;1;0;0;0;0;0;1;0;0;0;0
ECOPONTE;18/04/2017;18:18:00;81;sem vítima;322,8;BR-101/RJ;Norte;Colisão - Lateral;0;0;0;0;0;0;0;0;0;0;1;0;0;0;0
ECOPONTE;19/04/2017;15:42:00;61;sem vítima;321;BR-101/RJ;Norte;Colisão - Traseira;2;0;0;0;0;0;0;0;0;0;2;0;0;0;0
ECOPONTE;21/04/2017;04:36:00;9;sem vítima;325,5;BR-101/RJ;Norte;Colisão - Traseira;2;0;0;0;0;0;0;0;0;0;4;0;0;0;0
ECOPONTE;21/04/2017;20:18:00;73;sem vítima;322,9;BR-101/RJ;Sul;Choque - Meio Fio;1;0;0;0;0;0;0;0;0;0;1;0;0;0;0
ECOPONTE;22/04/2017;23:22:00;78;sem vítima;333,2;BR-101/RJ;Norte;Choque - Sinalização;0;0;0;0;1;0;0;0;0;0;1;0;0;0;0
ECOPONTE;23/04/2017;05:20:00;12;sem vítima;322,8;BR-101/RJ;Norte;Choque Praça;0;0;0;0;0;0;0;0;0;0;1;0;0;0;0
ECOPONTE;23/04/2017;17:43:00;57;com vítima;322,8;BR-101/RJ;Sul;Engavetamento;3;0;0;1;0;0;0;0;0;0;0;4;0;0;0
ECOPONTE;24/04/2017;06:34:00;13;sem vítima;321;BR-101/RJ;Sul;Colisão - Lateral;1;0;0;0;1;0;0;0;0;0;1;0;0;0;0
ECOPONTE;24/04/2017;07:49:00;22;sem vítima;324,5;BR-101/RJ;Sul;Colisão - Traseira;3;0;0;0;0;0;0;0;0;0;1;0;0;0;0
ECOPONTE;24/04/2017;07:49:00;23;sem vítima;327;BR-101/RJ;Sul;Colisão - Traseira;2;0;0;0;0;0;0;0;0;0;2;0;0;0;0
ECOPONTE;24/04/2017;22:36:00;92;sem vítima;334;BR-101/RJ;Norte;Colisão - Traseira;0;0;0;0;0;0;0;0;0;0;1;0;0;0;0
ECOPONTE;25/04/2017;12:17:00;51;sem vítima;325;BR-101/RJ;Sul;Queda de moto;0;0;0;1;0;0;0;0;0;0;1;0;0;0;0
ECOPONTE;25/04/2017;15:06:00;69;sem vítima;324;BR-101/RJ;Norte;Colisão - Traseira;0;0;0;0;1;0;0;0;0;1;2;0;0;0;0
ECOPONTE;29/04/2017;10:11:00;36;sem vítima;324;BR-101/RJ;Sul;Colisão - Traseira;2;0;0;0;0;0;0;0;0;0;1;0;0;0;0
ECOPONTE;29/04/2017;15:20:00;65;com vítima;329,5;BR-101/RJ;Norte;Colisão - Traseira;1;0;0;1;0;0;0;0;0;0;0;0;2;0;0
ECOPONTE;02/05/2017;07:14:00;20;sem vítima;332;BR-101/RJ;Sul;Colisão - Lateral;1;0;0;1;0;0;0;0;0;0;2;0;0;0;0
ECOPONTE;02/05/2017;07:56:00;28;sem vítima;322,3;BR-101/RJ;Sul;Colisão - Traseira;2;0;0;0;0;0;0;0;0;0;2;0;0;0;0
ECOPONTE;03/05/2017;14:34:00;77;com vítima;334;BR-101/RJ;Norte;Atropelamento;1;0;0;0;0;0;0;0;0;0;0;0;1;0;0
ECOPONTE;03/05/2017;17:32:00;102;com vítima;334;BR-101/RJ;Norte;Colisão - Lateral;1;0;0;1;0;0;0;0;0;0;0;0;1;0;0
ECOPONTE;05/05/2017;20:32:00;96;com vítima;325;BR-101/RJ;Norte;Queda de moto;0;0;0;1;0;0;0;0;0;0;0;1;0;0;0
ECOPONTE;07/05/2017;23:41:00;88;sem vítima;321;BR-101/RJ;Sul;Choque Barreira;1;0;0;0;0;0;0;0;0;0;1;0;0;0;0
ECOPONTE;08/05/2017;06:31:00;16;sem vítima;327;BR-101/RJ;Sul;Colisão - Lateral;1;0;0;1;0;0;0;0;0;0;2;0;0;0;0
ECOPONTE;08/05/2017;07:44:00;25;sem vítima;327,5;BR-101/RJ;Norte;Colisão - Lateral;2;0;0;0;0;0;0;0;0;0;2;0;0;0;0
ECOPONTE;08/05/2017;12:30:00;48;com vítima;321;BR-101/RJ;Sul;Choque - Poste;1;0;0;0;0;0;0;0;0;0;0;1;0;0;0
ECOPONTE;09/05/2017;16:24:00;65;sem vítima;333;BR-101/RJ;Sul;Colisão - Traseira;1;0;1;0;0;0;0;0;0;0;1;0;0;0;0
ECOPONTE;10/05/2017;07:03:00;20;sem vítima;322,3;BR-101/RJ;Sul;Colisão - Lateral;1;0;0;0;1;0;0;0;0;0;2;0;0;0;0
ECOPONTE;11/05/2017;17:44:00;77;com vítima;328;BR-101/RJ;Sul;Colisão - Traseira;1;0;0;1;0;0;0;0;0;0;0;1;0;0;0
ECOPONTE;12/05/2017;06:27:00;16;sem vítima;329;BR-101/RJ;Norte;Colisão - Traseira;2;0;0;0;0;0;0;0;0;0;5;0;0;0;0
ECOPONTE;12/05/2017;17:54:00;86;sem vítima;321;BR-101/RJ;Sul;Engavetamento;4;0;0;0;0;0;0;0;0;0;4;0;0;0;0
ECOPONTE;12/05/2017;18:35:00;92;com vítima;324,5;BR-101/RJ;Norte;Atropelamento;0;0;0;1;1;0;0;0;0;0;0;1;0;0;0
ECOPONTE;13/05/2017;18:10:00;78;sem vítima;324;BR-101/RJ;Sul;Choque Barreira;1;0;0;0;0;0;0;0;0;0;1;0;0;0;0
ECOPONTE;14/05/2017;12:17:00;27;sem vítima;331;BR-101/RJ;Sul;Colisão - Traseira;3;0;0;0;0;0;0;0;0;0;1;0;0;0;0
ECOPONTE;14/05/2017;16:37:00;66;sem vítima;326;BR-101/RJ;Sul;Colisão - Traseira;3;0;0;0;0;0;0;0;0;0;1;0;0;0;0
ECOPONTE;15/05/2017;18:00:00;80;sem vítima;332;BR-101/RJ;Sul;Colisão - Traseira;1;0;0;0;1;0;0;0;0;0;1;0;0;0;0
ECOPONTE;17/05/2017;18:53:00;81;com vítima;321;BR-101/RJ;Sul;Atropelamento;1;0;0;0;0;0;0;0;0;0;0;1;0;0;0
ECOPONTE;17/05/2017;19:00:00;82;com vítima;322,8;BR-101/RJ;Sul;Colisão - Transversal;1;0;0;1;0;0;0;0;0;0;0;1;0;0;0
ECOPONTE;17/05/2017;19:16:00;84;sem vítima;322,3;BR-101/RJ;Sul;Colisão - Lateral;1;0;0;0;1;0;0;0;0;0;2;0;0;0;0
ECOPONTE;18/05/2017;03:58:00;9;sem vítima;334;BR-101/RJ;Sul;Colisão - Traseira;1;0;1;0;0;0;0;0;0;0;1;0;0;0;0
ECOPONTE;18/05/2017;07:03:00;19;com vítima;322,8;BR-101/RJ;Sul;Queda de moto;0;0;0;1;0;0;0;0;0;0;0;2;0;0;0
ECOPONTE;18/05/2017;13:00:00;47;com vítima;322,6;BR-101/RJ;Norte;Colisão - Lateral;1;0;1;0;0;0;0;0;0;0;0;1;0;0;0
ECOPONTE;18/05/2017;14:11:00;51;com vítima;321;BR-101/RJ;Norte;Colisão - Lateral;1;0;0;1;0;0;0;0;0;0;0;1;0;0;0
ECOPONTE;19/05/2017;08:53:00;28;sem vítima;322,3;BR-101/RJ;Sul;Colisão - Traseira;1;0;0;0;0;0;0;0;0;0;4;0;0;0;0
ECOPONTE;19/05/2017;08:55:00;30;sem vítima;321;BR-101/RJ;Sul;Queda de moto;0;0;0;1;0;0;0;0;0;0;1;0;0;0;0
ECOPONTE;20/05/2017;06:25:00;12;sem vítima;331;BR-101/RJ;Sul;Choque - Meio Fio;1;0;0;0;0;0;0;0;0;0;1;0;0;0;0
ECOPONTE;20/05/2017;12:16:00;43;sem vítima;329,5;BR-101/RJ;Norte;Colisão - Lateral;2;0;0;0;0;0;0;0;0;0;2;0;0;0;0
ECOPONTE;21/05/2017;09:32:00;19;sem vítima;322;BR-101/RJ;Norte;Colisão - Traseira;2;0;0;0;0;0;0;0;0;0;6;0;0;0;0
ECOPONTE;21/05/2017;20:53:00;66;sem vítima;333,5;BR-101/RJ;Sul;Colisão - Traseira;2;0;0;0;0;0;0;0;0;0;1;0;0;0;0
ECOPONTE;21/05/2017;22:48:00;74;sem vítima;321;BR-101/RJ;Norte;Capotamento;1;0;0;0;0;0;0;0;0;0;1;0;0;0;0
ECOPONTE;22/05/2017;08:50:00;30;sem vítima;322,5;BR-101/RJ;Sul;Colisão - Traseira;1;0;0;0;1;0;0;0;0;0;2;0;0;0;0
ECOPONTE;22/05/2017;16:57:00;64;sem vítima;326;BR-101/RJ;Norte;Colisão - Traseira;1;0;1;0;0;0;0;0;0;0;1;0;0;0;0
ECOPONTE;23/05/2017;00:05:00;1;sem vítima;332;BR-101/RJ;Sul;Colisão - Traseira;1;0;0;0;0;0;0;0;0;1;1;0;0;0;0
ECOPONTE;23/05/2017;08:06:00;25;sem vítima;322,8;BR-101/RJ;Sul;Colisão - Traseira;1;0;0;1;0;0;0;0;0;0;2;0;0;0;0
ECOPONTE;23/05/2017;17:23:00;80;sem vítima;327;BR-101/RJ;Sul;Colisão - Traseira;0;0;0;0;0;0;0;0;0;2;1;0;0;0;0
ECOPONTE;23/05/2017;17:29:00;81;com vítima;326,3;BR-101/RJ;Norte;Colisão - Traseira;2;0;0;1;0;0;0;0;0;1;0;1;0;0;0
ECOPONTE;26/05/2017;07:53:00;17;sem vítima;325;BR-101/RJ;Sul;Colisão - Traseira;1;0;1;0;0;0;0;0;0;0;2;0;0;0;0
ECOPONTE;27/05/2017;14:08:00;56;sem vítima;322;BR-101/RJ;Norte;Colisão - Traseira;2;0;0;0;0;0;0;0;0;0;1;0;0;0;0
ECOPONTE;27/05/2017;15:25:00;63;sem vítima;325,5;BR-101/RJ;Sul;Colisão - Traseira;2;0;0;0;0;0;0;0;0;0;1;0;0;0;0
ECOPONTE;27/05/2017;16:20:00;69;sem vítima;322,3;BR-101/RJ;Norte;Colisão - Traseira;2;0;0;0;0;0;0;0;0;0;3;0;0;0;0
ECOPONTE;27/05/2017;23:31:00;88;com vítima;329;BR-101/RJ;Norte;Colisão - Traseira;2;0;0;0;0;0;0;0;0;0;0;0;1;0;0
ECOPONTE;28/05/2017;06:29:00;11;com vítima;334;BR-101/RJ;Norte;Choque Defensa;1;0;0;0;0;0;0;0;0;0;0;1;0;0;0
ECOPONTE;29/05/2017;05:27:00;7;sem vítima;328,5;BR-101/RJ;Norte;Colisão - Traseira;2;0;0;0;0;0;0;0;0;0;8;0;0;0;0
ECOPONTE;29/05/2017;06:04:00;10;sem vítima;327,5;BR-101/RJ;Norte;Colisão - Traseira;2;0;0;0;0;0;0;0;0;0;5;0;0;0;0
ECOPONTE;29/05/2017;06:53:00;15;sem vítima;324,5;BR-101/RJ;Sul;Colisão - Traseira;1;0;0;1;0;0;0;0;0;0;2;0;0;0;0
ECOPONTE;29/05/2017;15:16:00;48;sem vítima;325;BR-101/RJ;Sul;Colisão - Traseira;2;0;0;0;0;0;0;0;0;0;2;0;0;0;0
ECOPONTE;30/05/2017;01:38:00;4;sem vítima;333,5;BR-101/RJ;Norte;Colisão - Lateral;1;0;2;0;0;0;0;0;0;0;2;0;0;0;0
ECOPONTE;30/05/2017;06:42:00;14;com vítima;328,5;BR-101/RJ;Sul;Queda de moto;0;0;0;1;0;0;0;0;0;0;0;1;0;0;0
ECOPONTE;30/05/2017;15:23:00;56;com vítima;322,5;BR-101/RJ;Norte;Queda de moto;1;0;0;1;0;0;0;0;0;0;0;0;1;0;0
ECOPONTE;31/05/2017;11:51:00;40;com vítima;331;BR-101/RJ;Norte;Colisão - Traseira;3;0;0;0;0;0;0;0;0;0;0;3;0;0;0
ECOPONTE;01/06/2017;04:52:00;13;sem vítima;334;BR-101/RJ;Sul;Colisão - Lateral;1;0;1;0;0;0;0;0;0;0;1;0;0;0;0
ECOPONTE;02/06/2017;06:53:00;11;sem vítima;322,3;BR-101/RJ;Sul;Colisão - Traseira;2;0;0;0;0;0;0;0;0;0;2;0;0;0;0
ECOPONTE;02/06/2017;14:31:00;49;sem vítima;322,3;BR-101/RJ;Norte;Colisão - Lateral;1;0;0;1;0;0;0;0;0;0;3;0;0;0;0
ECOPONTE;02/06/2017;21:55:00;99;sem vítima;322,5;BR-101/RJ;Norte;Colisão - Traseira;3;0;0;0;0;0;0;0;0;0;1;0;0;0;0
ECOPONTE;03/06/2017;21:35:00;78;sem vítima;330,2;BR-101/RJ;Norte;Colisão - Traseira;2;0;0;0;0;0;0;0;0;0;1;0;0;0;0
ECOPONTE;04/06/2017;07:38:00;10;com vítima;324,5;BR-101/RJ;Norte;Colisão - Traseira;4;0;0;1;0;0;0;0;0;0;0;10;0;0;0
ECOPONTE;04/06/2017;07:47:00;11;sem vítima;324,5;BR-101/RJ;Norte;Colisão - Traseira;2;0;0;0;0;0;0;0;0;0;2;0;0;0;0
ECOPONTE;06/06/2017;06:15:00;17;sem vítima;324;BR-101/RJ;Sul;Colisão - Traseira;0;0;0;0;0;0;0;0;0;0;1;0;0;0;0
ECOPONTE;06/06/2017;21:03:00;93;sem vítima;325;BR-101/RJ;Sul;Colisão - Traseira;2;0;0;0;0;0;0;0;0;0;2;0;0;0;0
ECOPONTE;08/06/2017;10:02:00;34;sem vítima;325,5;BR-101/RJ;Sul;Engavetamento;7;0;0;0;0;0;0;0;0;0;8;0;0;0;0
ECOPONTE;09/06/2017;13:05:00;44;sem vítima;322,5;BR-101/RJ;Norte;Colisão - Traseira;1;0;1;0;0;0;0;0;0;0;1;0;0;0;0
ECOPONTE;09/06/2017;15:52:00;61;sem vítima;321;BR-101/RJ;Norte;Colisão - Lateral;1;0;1;0;0;0;0;0;0;0;2;0;0;0;0
ECOPONTE;09/06/2017;18:28:00;78;sem vítima;325;BR-101/RJ;Norte;Colisão - Traseira;0;0;0;1;0;0;0;0;0;0;1;0;0;0;0
ECOPONTE;09/06/2017;19:30:00;84;sem vítima;325;BR-101/RJ;Norte;Colisão - Traseira;2;0;0;0;0;0;0;0;0;0;1;0;0;0;0
ECOPONTE;10/06/2017;12:26:00;42;com vítima;321;BR-101/RJ;Norte;Colisão - Lateral;1;0;0;1;0;0;0;0;0;0;0;0;1;0;0
ECOPONTE;10/06/2017;18:25:00;70;sem vítima;322,8;BR-101/RJ;Norte;Colisão - Lateral;2;0;0;0;0;0;0;0;0;0;1;0;0;0;0
ECOPONTE;11/06/2017;17:44:00;44;sem vítima;322,5;BR-101/RJ;Norte;Colisão - Traseira;4;0;0;0;0;0;0;0;0;0;1;0;0;0;0
ECOPONTE;11/06/2017;18:08:00;48;sem vítima;323;BR-101/RJ;Norte;Colisão - Traseira;2;0;0;0;0;0;0;0;0;0;1;0;0;0;0
ECOPONTE;12/06/2017;08:21:00;18;sem vítima;333,7;BR-101/RJ;Sul;Colisão - Traseira;2;0;0;0;0;0;0;0;0;0;2;0;0;0;0
ECOPONTE;12/06/2017;11:11:00;31;sem vítima;328,5;BR-101/RJ;Sul;Colisão - Traseira;1;0;0;1;0;0;0;0;0;0;1;0;0;0;0
ECOPONTE;13/06/2017;05:09:00;10;sem vítima;323,7;BR-101/RJ;Sul;Colisão - Lateral;2;0;0;0;0;0;0;0;0;0;2;0;0;0;0
ECOPONTE;13/06/2017;05:26:00;11;sem vítima;323,5;BR-101/RJ;Sul;Colisão - Traseira;1;0;0;0;0;0;0;0;0;1;1;0;0;0;0