concessionaria;data;horario;n_da_ocorrencia;tipo_de_ocorrencia;km;trecho;sentido;tipo_de_acidente;automovel;bicicleta;caminhao;moto;onibus;outros;tracao_animal;transporte_de_cargas_especiais;trator_maquinas;utilitarios;ilesos;levemente_feridos;moderadamente_feridos;gravemente_feridos;mortos
ECOPONTE;04/06/2018;06:33:00;6;sem vítima;324,5;BR-101/RJ;Sul;Colisão - Lateral;1;0;0;0;1;0;0;0;0;0;1;0;0;0;0
ECOPONTE;05/06/2018;12:49:00;49;com vítima;329,8;BR-101/RJ;Norte;Queda de moto;0;0;0;1;0;0;0;0;0;0;0;1;0;0;0
ECOPONTE;05/06/2018;22:19:00;86;com vítima;334;BR-101/RJ;Norte;Colisão - Traseira;1;0;0;0;0;0;0;0;0;0;0;1;0;0;0
ECOPONTE;06/06/2018;09:54:00;34;sem vítima;334;BR-101/RJ;Sul;Colisão - Traseira;3;0;0;0;0;0;0;0;0;0;1;0;0;0;0
ECOPONTE;06/06/2018;18:59:00;81;sem vítima;333,5;BR-101/RJ;Norte;Colisão - Traseira;3;0;0;0;0;0;0;0;0;0;3;0;0;0;0
ECOPONTE;07/06/2018;07:58:00;27;sem vítima;322,3;BR-101/RJ;Sul;Colisão - Traseira;2;0;0;0;0;0;0;0;0;0;1;0;0;0;0
ECOPONTE;07/06/2018;09:42:00;40;com vítima;326,5;BR-101/RJ;Sul;Engavetamento;3;0;0;0;0;0;0;0;0;0;0;1;0;0;0
ECOPONTE;08/06/2018;07:28:00;9;sem vítima;325;BR-101/RJ;Norte;Colisão - Traseira;1;0;1;0;0;0;0;0;0;0;1;0;0;0;0
ECOPONTE;08/06/2018;15:36:00;50;sem vítima;323;BR-101/RJ;Norte;Colisão - Traseira;2;0;0;0;0;0;0;0;0;0;1;0;0;0;0
ECOPONTE;08/06/2018;17:13:00;68;sem vítima;333,8;BR-101/RJ;Norte;Colisão - Lateral;1;0;0;0;1;0;0;0;0;0;1;0;0;0;0
ECOPONTE;09/06/2018;17:23:00;79;sem vítima;323;BR-101/RJ;Norte;Engavetamento;3;0;0;0;0;0;0;0;0;0;1;0;0;0;0
ECOPONTE;10/06/2018;09:32:00;23;sem vítima;326,6;BR-101/RJ;Norte;Colisão - Traseira;2;0;0;0;0;0;0;0;0;0;1;0;0;0;0
ECOPONTE;10/06/2018;12:12:00;27;sem vítima;330;BR-101/RJ;Norte;Colisão - Traseira;2;0;0;0;0;0;0;0;0;0;1;0;0;0;0
ECOPONTE;10/06/2018;19:31:00;63;sem vítima;332,5;BR-101/RJ;Norte;Colisão - Traseira;2;0;0;0;0;0;0;0;0;0;2;0;0;0;0
ECOPONTE;12/06/2018;08:18:00;29;com vítima;332,8;BR-101/RJ;Sul;Colisão - Traseira;1;0;0;1;0;0;0;0;0;0;0;0;1;0;0
ECOPONTE;13/06/2018;07:31:00;21;sem vítima;322,8;BR-101/RJ;Sul;Colisão - Traseira;1;0;0;0;0;0;0;0;0;0;1;0;0;0;0
ECOPONTE;13/06/2018;16:51:00;81;sem vítima;334;BR-101/RJ;Norte;Colisão - Lateral;1;0;0;0;1;0;0;0;0;0;1;0;0;0;0
ECOPONTE;14/06/2018;19:52:00;124;sem vítima;324,2;BR-101/RJ;Norte;Colisão - Traseira;2;0;0;0;0;0;0;0;0;0;1;0;0;0;0
ECOPONTE;15/06/2018;11:15:00;33;sem vítima;333,5;BR-101/RJ;Norte;Colisão - Traseira;0;0;1;0;0;0;0;0;0;1;2;0;0;0;0
ECOPONTE;15/06/2018;17:27:00;76;sem vítima;332,5;BR-101/RJ;Sul;Colisão - Traseira;2;0;0;0;0;0;0;0;0;0;1;0;0;0;0
ECOPONTE;16/06/2018;02:45:00;6;sem vítima;328,5;BR-101/RJ;Norte;Colisão - Traseira;2;0;0;0;0;0;0;0;0;0;1;0;0;0;0
ECOPONTE;16/06/2018;13:52:00;36;sem vítima;333;BR-101/RJ;Sul;Choque Defensa;1;0;0;0;0;0;0;0;0;0;1;0;0;0;0
ECOPONTE;16/06/2018;17:26:00;54;sem vítima;321;BR-101/RJ;Norte;Colisão - Traseira;2;0;0;1;0;0;0;0;0;0;2;0;0;0;0
ECOPONTE;17/06/2018;10:33:00;25;com vítima;329;BR-101/RJ;Norte;Capotamento;1;0;0;0;0;0;0;0;0;0;0;4;0;0;0
ECOPONTE;17/06/2018;18:56:00;44;com vítima;331;BR-101/RJ;Norte;Colisão - Traseira;1;0;0;1;0;0;0;0;0;0;1;1;0;0;0
ECOPONTE;18/06/2018;08:21:00;25;com vítima;329,1;BR-101/RJ;Sul;Colisão - Traseira;1;0;0;1;0;0;0;0;0;0;0;1;0;0;0
ECOPONTE;18/06/2018;08:57:00;38;sem vítima;333;BR-101/RJ;Sul;Colisão - Traseira;2;0;0;0;0;0;0;0;0;0;1;0;0;0;0
ECOPONTE;18/06/2018;14:00:00;67;sem vítima;327;BR-101/RJ;Sul;Colisão - Traseira;2;0;0;0;0;0;0;0;0;0;1;0;0;0;0
ECOPONTE;18/06/2018;16:41:00;83;sem vítima;322,5;BR-101/RJ;Norte;Colisão - Traseira;2;0;0;0;0;0;0;0;0;0;1;0;0;0;0
ECOPONTE;20/06/2018;17:31:00;68;com vítima;323,5;BR-101/RJ;Norte;Colisão - Traseira;0;0;0;1;0;0;0;0;0;0;0;1;0;0;0
ECOPONTE;20/06/2018;18:33:00;73;sem vítima;327,5;BR-101/RJ;Norte;Colisão - Traseira;2;0;0;0;0;0;0;0;0;0;2;0;0;0;0
ECOPONTE;21/06/2018;14:53:00;64;sem vítima;332,5;BR-101/RJ;Norte;Capotamento;3;0;0;0;0;0;0;0;0;0;3;0;0;0;0
ECOPONTE;22/06/2018;15:27:00;63;com vítima;331,5;BR-101/RJ;Sul;Colisão - Traseira;1;0;0;1;0;0;0;0;0;0;0;1;1;0;0
ECOPONTE;22/06/2018;16:24:00;70;sem vítima;322,3;BR-101/RJ;Norte;Colisão - Traseira;0;0;0;0;0;0;0;0;0;0;1;0;0;0;0
ECOPONTE;24/06/2018;10:22:00;16;com vítima;321;BR-101/RJ;Norte;Colisão - Traseira;1;0;0;1;0;0;0;0;0;0;0;0;1;0;0
ECOPONTE;25/06/2018;07:48:00;26;sem vítima;322,8;BR-101/RJ;Norte;Colisão - Traseira;2;0;0;0;0;0;0;0;0;0;1;0;0;0;0
ECOPONTE;25/06/2018;15:00:00;75;com vítima;329,5;BR-101/RJ;Sul;Colisão - Traseira;1;0;0;1;0;0;0;0;0;0;1;0;0;1;0
ECOPONTE;26/06/2018;05:23:00;4;sem vítima;322,8;BR-101/RJ;Norte;Colisão - Traseira;1;0;0;0;0;0;0;0;0;0;1;0;0;0;0
ECOPONTE;27/06/2018;09:08:00;35;com vítima;321;BR-101/RJ;Sul;Atropelamento;0;0;0;1;0;0;0;0;0;0;0;0;1;0;0
ECOPONTE;29/06/2018;15:00:00;72;sem vítima;326,2;BR-101/RJ;Norte;Colisão - Traseira;2;0;0;0;0;0;0;0;0;0;2;0;0;0;0
ECOPONTE;29/06/2018;15:11:00;74;sem vítima;327;BR-101/RJ;Norte;Colisão - Traseira;1;0;0;0;0;0;0;0;0;1;3;0;0;0;0
ECOPONTE;29/06/2018;19:20:00;111;sem vítima;321,5;BR-101/RJ;Norte;Colisão - Traseira;2;0;0;0;0;0;0;0;0;0;1;0;0;0;0
ECOPONTE;29/06/2018;20:07:00;117;sem vítima;331,6;BR-101/RJ;Norte;Colisão - Traseira;2;0;0;0;0;0;0;0;0;0;1;0;0;0;0
ECOPONTE;30/06/2018;08:33:00;29;com vítima;332,8;BR-101/RJ;Sul;Tombamento;0;0;1;0;0;0;0;0;0;0;0;0;2;0;0
ECOPONTE;30/06/2018;14:31:00;128;sem vítima;322,3;BR-101/RJ;Norte;Colisão - Traseira;2;0;0;0;0;0;0;0;0;0;2;0;0;0;0
ECOPONTE;30/06/2018;18:15:00;201;sem vítima;323,5;BR-101/RJ;Norte;Colisão - Traseira;1;0;0;0;0;0;0;0;0;1;1;0;0;0;0
ECOPONTE;30/06/2018;18:18:00;203;sem vítima;324,5;BR-101/RJ;Norte;Engavetamento;2;0;0;0;0;0;0;0;0;1;1;0;0;0;0
ECOPONTE;01/08/2018;07:18:00;10;sem vítima;334;BR-101/RJ;Sul;Queda de moto;0;0;0;0;0;0;0;0;0;0;1;0;0;0;0
ECOPONTE;01/08/2018;15:46:00;73;com vítima;324;BR-101/RJ;Norte;Colisão - Traseira;0;0;0;1;0;0;0;0;0;1;0;2;0;0;0
ECOPONTE;01/08/2018;17:50:00;84;com vítima;324,6;BR-101/RJ;Norte;Queda de moto;1;0;0;0;0;0;0;0;0;0;0;1;0;0;0
ECOPONTE;01/08/2018;19:00:00;97;sem vítima;331;BR-101/RJ;Norte;Colisão - Traseira;1;0;0;0;0;0;0;0;0;0;1;0;0;0;0
ECOPONTE;02/08/2018;16:57:00;82;sem vítima;332;BR-101/RJ;Norte;Colisão - Traseira;2;0;0;0;0;0;0;0;0;0;2;0;0;0;0
ECOPONTE;03/08/2018;02:29:00;5;sem vítima;322;BR-101/RJ;Norte;Colisão - Traseira;1;0;0;0;0;0;0;0;0;0;1;0;0;0;0
ECOPONTE;04/08/2018;23:47:00;89;sem vítima;322;BR-101/RJ;Norte;Colisão - Lateral;1;0;0;0;0;0;0;0;0;1;1;0;0;0;0
ECOPONTE;06/08/2018;08:16:00;28;com vítima;322,3;BR-101/RJ;Sul;Colisão - Lateral;1;0;0;1;0;0;0;0;0;0;1;1;0;0;0
ECOPONTE;07/08/2018;08:29:00;21;sem vítima;322,3;BR-101/RJ;Sul;Colisão - Traseira;1;0;0;0;1;0;0;0;0;0;1;0;0;0;0
ECOPONTE;07/08/2018;09:52:00;30;sem vítima;334;BR-101/RJ;Sul;Colisão - Traseira;2;0;0;0;0;0;0;0;0;0;1;0;0;0;0
ECOPONTE;08/08/2018;16:39:00;74;sem vítima;322,5;BR-101/RJ;Norte;Colisão - Lateral;2;0;0;0;0;0;0;0;0;0;1;0;0;0;0
ECOPONTE;08/08/2018;19:00:00;89;com vítima;321;BR-101/RJ;Norte;Colisão - Traseira;1;0;0;1;0;0;0;0;0;0;0;0;1;0;0
ECOPONTE;09/08/2018;07:33:00;24;sem vítima;334;BR-101/RJ;Sul;Colisão - Lateral;2;0;0;0;1;0;0;0;0;0;1;0;0;0;0
ECOPONTE;09/08/2018;17:12:00;74;sem vítima;333,5;BR-101/RJ;Norte;Colisão - Traseira;1;0;1;0;0;0;0;0;0;0;1;0;0;0;0
ECOPONTE;10/08/2018;00:26:00;3;sem vítima;334;BR-101/RJ;Norte;Colisão - Lateral;2;0;0;0;0;0;0;0;0;0;1;0;0;0;0
ECOPONTE;10/08/2018;06:33:00;15;com vítima;322,3;BR-101/RJ;Sul;Colisão - Traseira;1;0;0;1;0;0;0;0;0;0;0;1;0;0;0
ECOPONTE;10/08/2018;07:27:00;18;sem vítima;322,3;BR-101/RJ;Norte;Colisão - Lateral;1;0;0;0;1;0;0;0;0;0;2;0;0;0;0
ECOPONTE;11/08/2018;16:37:00;68;sem vítima;322,3;BR-101/RJ;Norte;Colisão - Traseira;2;0;0;0;0;0;0;0;0;0;2;0;0;0;0
ECOPONTE;12/08/2018;06:06:00;8;sem vítima;322,3;BR-101/RJ;Norte;Colisão - Lateral;2;0;0;0;0;0;0;0;0;0;2;0;0;0;0
ECOPONTE;13/08/2018;07:37:00;14;sem vítima;324,5;BR-101/RJ;Sul;Colisão - Lateral;2;0;0;0;0;0;0;0;0;0;2;0;0;0;0
ECOPONTE;13/08/2018;08:34:00;22;sem vítima;331;BR-101/RJ;Sul;Colisão - Lateral;1;0;0;1;0;0;0;0;0;0;2;0;0;0;0
ECOPONTE;13/08/2018;17:35:00;83;sem vítima;334;BR-101/RJ;Norte;Colisão - Traseira;2;0;0;0;0;0;0;0;0;0;2;0;0;0;0
ECOPONTE;14/08/2018;05:53:00;13;sem vítima;323;BR-101/RJ;Sul;Colisão - Lateral;1;0;0;0;1;0;0;0;0;0;1;0;0;0;0
ECOPONTE;14/08/2018;08:42:00;33;sem vítima;322,1;BR-101/RJ;Norte;Colisão - Traseira;1;0;0;1;0;0;0;0;0;0;1;0;0;0;0
ECOPONTE;14/08/2018;12:09:00;51;sem vítima;323;BR-101/RJ;Norte;Colisão - Traseira;2;0;0;0;0;0;0;0;0;0;2;0;0;0;0
ECOPONTE;14/08/2018;15:28:00;74;sem vítima;322,5;BR-101/RJ;Norte;Engavetamento;3;0;0;0;0;0;0;0;0;0;1;0;0;0;0
ECOPONTE;14/08/2018;16:18:00;86;sem vítima;328;BR-101/RJ;Sul;Colisão - Traseira;2;0;0;0;0;0;0;0;0;0;1;0;0;0;0
ECOPONTE;15/08/2018;07:46:00;13;sem vítima;328;BR-101/RJ;Norte;Colisão - Traseira;2;0;0;0;0;0;0;0;0;0;2;0;0;0;0
ECOPONTE;15/08/2018;08:55:00;19;sem vítima;331;BR-101/RJ;Sul;Queda de moto;0;0;0;1;0;0;0;0;0;0;1;0;0;0;0
ECOPONTE;15/08/2018;18:10:00;73;sem vítima;334;BR-101/RJ;Sul;Colisão - Traseira;1;0;0;0;0;0;0;0;0;0;1;0;0;0;0
ECOPONTE;15/08/2018;18:23:00;76;sem vítima;321;BR-101/RJ;Norte;Queda de moto;0;0;0;1;0;0;0;0;0;0;2;0;0;0;0
ECOPONTE;16/08/2018;07:20:00;26;com vítima;334;BR-101/RJ;Sul;Colisão - Traseira;1;0;0;1;0;0;0;0;0;0;0;1;0;0;0
ECOPONTE;16/08/2018;07:30:00;28;sem vítima;334;BR-101/RJ;Sul;Engavetamento;2;0;0;0;0;0;0;0;0;1;3;0;0;0;0
ECOPONTE;16/08/2018;14:39:00;67;sem vítima;322,8;BR-101/RJ;Sul;Colisão - Traseira;1;0;0;0;0;0;0;0;0;2;3;0;0;0;0
ECOPONTE;17/08/2018;14:56:00;54;sem vítima;334;BR-101/RJ;Norte;Colisão - Lateral;0;0;1;0;1;0;0;0;0;0;1;0;0;0;0
ECOPONTE;17/08/2018;15:42:00;61;sem vítima;329;BR-101/RJ;Norte;Colisão - Traseira;2;0;0;0;0;0;0;0;0;0;1;0;0;0;0
ECOPONTE;19/08/2018;03:39:00;15;sem vítima;328,1;BR-101/RJ;Sul;Colisão - Traseira;1;0;0;0;0;0;0;0;0;0;1;0;0;0;0
ECOPONTE;19/08/2018;20:36:00;79;sem vítima;324,5;BR-101/RJ;Norte;Colisão - Traseira;2;0;0;0;0;0;0;0;0;0;1;0;0;0;0
ECOPONTE;21/08/2018;07:27:00;20;sem vítima;333,5;BR-101/RJ;Sul;Colisão - Traseira;2;0;0;0;0;0;0;0;0;0;2;0;0;0;0
ECOPONTE;21/08/2018;08:16:00;26;sem vítima;327;BR-101/RJ;Sul;Colisão - Traseira;1;0;0;0;1;0;0;0;0;0;2;0;0;0;0
ECOPONTE;22/08/2018;01:32:00;5;com vítima;331,5;BR-101/RJ;Norte;Colisão - Traseira;2;0;0;0;0;0;0;0;0;0;1;0;1;0;0
ECOPONTE;22/08/2018;07:54:00;28;com vítima;333,7;BR-101/RJ;Sul;Colisão - Traseira;1;0;0;1;0;0;0;0;0;0;0;0;1;0;0
ECOPONTE;23/08/2018;06:40:00;21;sem vítima;333,8;BR-101/RJ;Norte;Colisão - Traseira;1;0;1;0;0;0;0;0;0;0;1;0;0;0;0
ECOPONTE;23/08/2018;17:14:00;90;sem vítima;327,5;BR-101/RJ;Norte;Colisão - Traseira;2;0;0;0;0;0;0;0;0;0;1;0;0;0;0
ECOPONTE;23/08/2018;17:56:00;94;sem vítima;332;BR-101/RJ;Norte;Colisão - Traseira;2;0;0;0;0;0;0;0;0;0;1;0;0;0;0
ECOPONTE;23/08/2018;22:36:00;124;sem vítima;326,2;BR-101/RJ;Norte;Colisão - Traseira;1;0;1;0;0;0;0;0;0;0;1;0;0;0;0
ECOPONTE;23/08/2018;23:26:00;136;sem vítima;322,3;BR-101/RJ;Norte;Choque Praça;0;0;1;0;0;0;0;0;0;0;1;0;0;0;0
ECOPONTE;24/08/2018;01:21:00;4;com vítima;331,8;BR-101/RJ;Norte;Colisão - Traseira;0;0;1;1;0;0;0;0;0;0;0;1;0;0;0
ECOPONTE;24/08/2018;08:58:00;31;sem vítima;321;BR-101/RJ;Sul;Colisão - Traseira;1;0;1;0;0;0;0;0;0;0;2;0;0;0;0
ECOPONTE;24/08/2018;16:58:00;84;sem vítima;326,5;BR-101/RJ;Sul;Colisão - Traseira;1;0;0;0;0;0;0;0;0;0;1;0;0;0;0
ECOPONTE;24/08/2018;17:20:00;87;sem vítima;332;BR-101/RJ;Sul;Colisão - Lateral;2;0;0;0;0;0;0;0;0;0;2;0;0;0;0
ECOPONTE;26/08/2018;17:12:00;40;sem vítima;321;BR-101/RJ;Norte;Colisão - Traseira;1;0;0;0;0;0;0;0;0;0;3;0;0;0;0
ECOPONTE;27/08/2018;02:09:00;2;sem vítima;321;BR-101/RJ;Sul;Choque Defensa;1;0;0;0;0;0;0;0;0;0;1;0;0;0;0
ECOPONTE;27/08/2018;08:19:00;24;com vítima;333,5;BR-101/RJ;Sul;Colisão - Traseira;1;0;0;1;0;0;0;0;0;0;0;1;0;0;0
ECOPONTE;27/08/2018;09:21:00;34;sem vítima;322,3;BR-101/RJ;Sul;Colisão - Traseira;2;0;0;0;0;0;0;0;0;0;2;0;0;0;0
ECOPONTE;27/08/2018;12:47:00;61;sem vítima;321;BR-101/RJ;Norte;Choque Defensa;1;0;0;0;0;0;0;0;0;0;1;0;0;0;0
ECOPONTE;27/08/2018;18:11:00;95;com vítima;334;BR-101/RJ;Norte;Queda de moto;0;0;0;1;0;0;0;0;0;0;0;0;1;0;0
ECOPONTE;28/08/2018;05:59:00;14;sem vítima;331;BR-101/RJ;Sul;Colisão - Traseira;2;0;0;0;0;0;0;0;0;0;2;0;0;0;0
ECOPONTE;28/08/2018;06:29:00;18;sem vítima;322,4;BR-101/RJ;Sul;Colisão - Lateral;1;0;0;1;0;0;0;0;0;0;1;0;0;0;0
ECOPONTE;28/08/2018;16:34:00;101;sem vítima;322;BR-101/RJ;Norte;Colisão - Traseira;0;0;0;0;1;0;0;0;0;1;1;0;0;0;0
ECOPONTE;29/08/2018;07:32:00;32;sem vítima;322,3;BR-101/RJ;Sul;Colisão - Lateral;1;0;0;0;1;0;0;0;0;0;2;0;0;0;0
ECOPONTE;29/08/2018;07:53:00;36;sem vítima;322,3;BR-101/RJ;Sul;Colisão - Traseira;0;0;0;0;0;0;0;0;0;0;2;0;0;0;0
ECOPONTE;29/08/2018;12:33:00;67;com vítima;331,5;BR-101/RJ;Norte;Colisão - Traseira;0;0;1;0;1;0;0;0;0;0;2;1;0;0;0
ECOPONTE;29/08/2018;13:26:00;72;com vítima;334;BR-101/RJ;Sul;Colisão - Traseira;0;0;0;1;0;0;0;0;0;1;0;1;0;0;0
ECOPONTE;30/08/2018;06:25:00;9;com vítima;329;BR-101/RJ;Norte;Colisão - Lateral;1;0;0;1;0;0;0;0;0;0;0;0;1;0;0
ECOPONTE;30/08/2018;06:35:00;11;sem vítima;330;BR-101/RJ;Norte;Colisão - Lateral;0;0;1;1;0;0;0;0;0;0;2;0;0;0;0
ECOPONTE;30/08/2018;07:45:00;20;com vítima;328;BR-101/RJ;Norte;Colisão - Traseira;0;0;0;1;0;0;0;0;0;1;0;0;1;0;0
ECOPONTE;30/08/2018;09:10:00;32;sem vítima;326,5;BR-101/RJ;Sul;Colisão - Traseira;1;0;0;1;0;0;0;0;0;0;2;0;0;0;0
ECOPONTE;31/08/2018;06:54:00;11;sem vítima;322;BR-101/RJ;Norte;Colisão - Lateral;1;0;0;0;1;0;0;0;0;0;1;0;0;0;0
ECOPONTE;31/08/2018;07:03:00;12;sem vítima;322,8;BR-101/RJ;Sul;Engavetamento;1;0;0;0;0;0;0;0;0;2;3;0;0;0;0
ECOPONTE;01/07/2018;17:21:00;45;com vítima;321;BR-101/RJ;Sul;Queda de moto;0;0;0;1;0;0;0;0;0;0;0;2;0;0;0
ECOPONTE;02/07/2018;16:24:00;40;sem vítima;333,5;BR-101/RJ;Norte;Colisão - Lateral;2;0;0;0;0;0;0;0;0;0;2;0;0;0;0
ECOPONTE;03/07/2018;10:57:00;35;com vítima;326;BR-101/RJ;Sul;Colisão - Traseira;1;0;0;1;0;0;0;0;0;0;0;1;0;0;0
ECOPONTE;03/07/2018;11:16:00;38;sem vítima;322,3;BR-101/RJ;Sul;Choque - Sinalização;1;0;0;0;0;0;0;0;0;0;0;0;0;0;0
ECOPONTE;03/07/2018;16:08:00;70;com vítima;333,5;BR-101/RJ;Norte;Colisão - Lateral;2;0;1;0;0;0;0;0;0;0;2;2;0;0;0
ECOPONTE;04/07/2018;07:08:00;12;sem vítima;333,5;BR-101/RJ;Sul;Queda de moto;0;0;0;1;0;0;0;0;0;0;1;0;0;0;0
ECOPONTE;04/07/2018;10:42:00;40;sem vítima;332;BR-101/RJ;Norte;Colisão - Traseira;1;0;1;0;0;0;0;0;0;1;3;0;0;0;0
ECOPONTE;04/07/2018;17:40:00;78;sem vítima;331,5;BR-101/RJ;Norte;Colisão - Lateral;2;0;0;0;0;0;0;0;0;0;2;0;0;0;0
ECOPONTE;05/07/2018;08:32:00;21;sem vítima;334;BR-101/RJ;Sul;Colisão - Lateral;1;0;0;0;1;0;0;0;0;0;2;0;0;0;0
ECOPONTE;05/07/2018;15:03:00;71;sem vítima;334;BR-101/RJ;Sul;Colisão - Traseira;1;0;0;0;0;0;0;0;0;1;2;0;0;0;0
ECOPONTE;05/07/2018;15:33:00;75;com vítima;324,5;BR-101/RJ;Norte;Engavetamento;4;0;0;0;0;1;0;0;0;0;0;2;0;0;0
ECOPONTE;06/07/2018;07:57:00;17;com vítima;332,5;BR-101/RJ;Sul;Colisão - Lateral;1;0;0;1;0;0;0;0;0;0;0;0;1;0;0
ECOPONTE;06/07/2018;13:14:00;54;sem vítima;334;BR-101/RJ;Norte;Colisão - Lateral;1;0;1;0;0;0;0;0;0;0;1;0;0;0;0
ECOPONTE;08/07/2018;02:43:00;6;sem vítima;324,5;BR-101/RJ;Norte;Colisão - Traseira;2;0;0;0;0;0;0;0;0;0;1;0;0;0;0
ECOPONTE;08/07/2018;19:23:00;71;com vítima;331,9;BR-101/RJ;Norte;Colisão - Lateral;1;0;0;1;0;0;0;0;0;0;1;0;2;0;0
ECOPONTE;09/07/2018;18:50:00;88;sem vítima;323,5;BR-101/RJ;Norte;Colisão - Traseira;2;0;0;0;0;0;0;0;0;0;1;0;0;0;0
ECOPONTE;10/07/2018;10:15:00;37;sem vítima;330;BR-101/RJ;Sul;Colisão - Traseira;2;0;0;0;0;0;0;0;0;0;2;0;0;0;0
ECOPONTE;10/07/2018;15:55:00;61;sem vítima;322,3;BR-101/RJ;Sul;Colisão - Lateral;1;0;0;0;1;0;0;0;0;0;2;0;0;0;0
ECOPONTE;10/07/2018;16:48:00;65;sem vítima;322,8;BR-101/RJ;Norte;Colisão - Traseira;1;0;0;1;0;0;0;0;0;0;2;0;0;0;0
ECOPONTE;11/07/2018;07:44:00;13;sem vítima;322,8;BR-101/RJ;Sul;Colisão - Traseira;2;0;0;0;0;0;0;0;0;0;1;0;0;0;0
ECOPONTE;12/07/2018;17:50:00;93;sem vítima;321;BR-101/RJ;Norte;Colisão - Traseira;0;0;1;0;1;0;0;0;0;0;2;0;0;0;0
ECOPONTE;13/07/2018;05:08:00;7;sem vítima;324;BR-101/RJ;Norte;Colisão - Traseira;1;0;0;0;0;0;0;0;0;1;2;0;0;0;0
ECOPONTE;13/07/2018;07:06:00;11;com vítima;321;BR-101/RJ;Norte;Colisão - Lateral;1;0;0;1;0;0;0;0;0;0;0;0;1;0;0
ECOPONTE;13/07/2018;13:07:00;45;com vítima;323,7;BR-101/RJ;Norte;Colisão - Traseira;2;0;0;0;0;0;0;0;0;0;0;1;0;0;0
ECOPONTE;13/07/2018;13:35:00;47;sem vítima;322,5;BR-101/RJ;Norte;Colisão - Traseira;3;0;0;0;0;0;0;0;0;0;3;0;0;0;0
ECOPONTE;13/07/2018;17:15:00;76;com vítima;322,3;BR-101/RJ;Norte;Colisão - Traseira;0;0;0;1;0;0;0;0;0;0;0;0;1;0;0
ECOPONTE;13/07/2018;22:53:00;125;com vítima;326,2;BR-101/RJ;Norte;Colisão - Traseira;2;0;0;0;0;0;0;0;0;0;2;0;1;0;0
ECOPONTE;14/07/2018;07:37:00;18;sem vítima;331;BR-101/RJ;Sul;Colisão - Traseira;2;0;0;0;0;0;0;0;0;0;2;0;0;0;0
ECOPONTE;14/07/2018;13:54:00;80;sem vítima;324,5;BR-101/RJ;Norte;Engavetamento;5;0;1;0;0;0;0;0;0;0;6;0;0;0;0
ECOPONTE;14/07/2018;18:52:00;126;com vítima;322,8;BR-101/RJ;Norte;Colisão - Traseira;1;0;0;1;0;0;0;0;0;0;1;2;0;0;0
ECOPONTE;14/07/2018;19:07:00;128;sem vítima;333,7;BR-101/RJ;Norte;Queda de moto;0;0;0;1;0;0;0;0;0;0;1;0;0;0;0
ECOPONTE;15/07/2018;06:30:00;12;sem vítima;321;BR-101/RJ;Norte;Colisão - Traseira;2;0;0;0;0;0;0;0;0;0;2;0;0;0;0
ECOPONTE;15/07/2018;20:32:00;69;sem vítima;326,5;BR-101/RJ;Sul;Engavetamento;3;0;0;0;0;0;0;0;0;0;5;0;0;0;0
ECOPONTE;16/07/2018;18:24:00;107;sem vítima;324,5;BR-101/RJ;Norte;Colisão - Lateral;2;0;0;0;0;0;0;0;0;0;2;0;0;0;0
ECOPONTE;17/07/2018;07:10:00;14;sem vítima;325;BR-101/RJ;Sul;Colisão - Lateral;1;0;0;0;1;0;0;0;0;0;1;0;0;0;0
ECOPONTE;17/07/2018;07:20:00;15;sem vítima;324,5;BR-101/RJ;Sul;Colisão - Lateral;2;0;0;0;0;0;0;0;0;0;1;0;0;0;0
ECOPONTE;17/07/2018;07:39:00;20;com vítima;331,1;BR-101/RJ;Norte;Colisão - Traseira;5;0;0;1;0;0;0;0;0;0;0;7;2;0;0
ECOPONTE;17/07/2018;19:42:00;89;sem vítima;324,1;BR-101/RJ;Norte;Colisão - Traseira;3;0;0;0;0;0;0;0;0;0;1;0;0;0;0
ECOPONTE;19/07/2018;18:34:00;89;sem vítima;333,5;BR-101/RJ;Norte;Colisão - Lateral;1;0;1;0;0;0;0;0;0;0;1;0;0;0;0
ECOPONTE;20/07/2018;15:41:00;95;sem vítima;325;BR-101/RJ;Norte;Colisão - Traseira;2;0;0;0;0;0;0;0;0;0;1;0;0;0;0
ECOPONTE;20/07/2018;16:05:00;100;sem vítima;322,5;BR-101/RJ;Norte;Colisão - Lateral;1;0;0;1;0;0;0;0;0;0;1;0;0;0;0
ECOPONTE;20/07/2018;23:39:00;164;com vítima;330;BR-101/RJ;Norte;Colisão - Traseira;1;0;0;1;0;0;0;0;0;0;0;1;0;0;0
ECOPONTE;21/07/2018;02:53:00;7;com vítima;332;BR-101/RJ;Sul;Colisão - Traseira;1;0;1;0;0;0;0;0;0;0;0;1;0;0;0