concessionaria;data;horario;n_da_ocorrencia;tipo_de_ocorrencia;km;trecho;sentido;tipo_de_acidente;automovel;bicicleta;caminhao;moto;onibus;outros;tracao_animal;transporte_de_cargas_especiais;trator_maquinas;utilitarios;ilesos;levemente_feridos;moderadamente_feridos;gravemente_feridos;mortos
ECOPONTE;28/09/2018;10:12:00;35;com vítima;321;BR-101/RJ;Norte;Colisão - Traseira;1;0;0;1;0;0;0;0;0;0;0;2;0;0;0
ECOPONTE;28/09/2018;14:58:00;75;com vítima;322;BR-101/RJ;Norte;Colisão - Traseira;1;0;0;1;0;0;0;0;0;0;0;0;1;0;0
ECOPONTE;28/09/2018;21:19:00;124;sem vítima;322,8;BR-101/RJ;Norte;Colisão - Traseira;0;0;0;0;0;0;0;0;0;0;1;0;0;0;0
ECOPONTE;28/09/2018;23:38:00;137;com vítima;321;BR-101/RJ;Norte;Choque Defensa;1;0;0;0;0;0;0;0;0;0;0;1;0;0;0
ECOPONTE;30/09/2018;19:46:00;99;sem vítima;322,5;BR-101/RJ;Sul;Colisão - Lateral;2;0;0;0;0;0;0;0;0;0;1;0;0;0;0
ECOPONTE;02/10/2018;06:05:00;11;sem vítima;322;BR-101/RJ;Sul;Colisão - Traseira;1;0;0;0;0;0;0;0;0;0;1;0;0;0;0
ECOPONTE;02/10/2018;09:18:00;34;sem vítima;324,5;BR-101/RJ;Sul;Colisão - Traseira;2;0;0;0;0;0;0;0;0;0;2;0;0;0;0
ECOPONTE;02/10/2018;11:20:00;48;sem vítima;322,3;BR-101/RJ;Norte;Engavetamento;3;0;0;0;0;0;0;0;0;0;1;0;0;0;0
ECOPONTE;02/10/2018;16:55:00;81;sem vítima;323;BR-101/RJ;Norte;Engavetamento;3;0;0;0;0;0;0;0;0;0;4;0;0;0;0
ECOPONTE;03/10/2018;07:50:00;26;sem vítima;331;BR-101/RJ;Norte;Colisão - Lateral;0;0;1;0;1;0;0;0;0;0;1;0;0;0;0
ECOPONTE;03/10/2018;19:17:00;109;com vítima;323,4;BR-101/RJ;Norte;Engavetamento;3;0;0;0;1;0;0;0;0;0;0;1;0;0;0
ECOPONTE;04/10/2018;06:19:00;20;com vítima;322,5;BR-101/RJ;Sul;Colisão - Traseira;1;0;0;0;1;0;0;0;0;0;0;3;0;0;0
ECOPONTE;04/10/2018;08:40:00;31;com vítima;322;BR-101/RJ;Norte;Colisão - Lateral;1;0;0;1;0;0;0;0;0;0;0;1;0;0;0
ECOPONTE;04/10/2018;23:18:00;116;sem vítima;333,9;BR-101/RJ;Norte;Colisão - Lateral;1;0;1;0;0;0;0;0;0;0;1;0;0;0;0
ECOPONTE;05/10/2018;05:16:00;10;sem vítima;322,3;BR-101/RJ;Sul;Atropelamento de Animal;1;0;0;0;0;0;0;0;0;0;1;0;0;0;0
ECOPONTE;05/10/2018;09:30:00;30;sem vítima;333;BR-101/RJ;Sul;Engavetamento;5;0;0;0;0;0;0;0;0;0;5;0;0;0;0
ECOPONTE;05/10/2018;13:05:00;57;com vítima;322,8;BR-101/RJ;Norte;Colisão - Traseira;2;0;0;0;0;0;0;0;0;0;0;3;0;0;0
ECOPONTE;05/10/2018;15:06:00;74;sem vítima;324;BR-101/RJ;Norte;Colisão - Traseira;1;0;0;0;0;0;0;0;0;1;4;0;0;0;0
ECOPONTE;05/10/2018;15:40:00;76;sem vítima;324,5;BR-101/RJ;Norte;Colisão - Lateral;2;0;0;0;0;0;0;0;0;0;2;0;0;0;0
ECOPONTE;05/10/2018;17:58:00;91;com vítima;321;BR-101/RJ;Sul;Colisão - Traseira;0;0;0;1;1;0;0;0;0;0;0;0;1;0;0
ECOPONTE;06/10/2018;10:40:00;37;sem vítima;329;BR-101/RJ;Sul;Colisão - Traseira;2;0;0;0;0;0;0;0;0;0;2;0;0;0;0
ECOPONTE;06/10/2018;10:57:00;40;sem vítima;327;BR-101/RJ;Sul;Queda de moto;0;0;0;1;0;0;0;0;0;0;2;0;0;0;0
ECOPONTE;07/10/2018;19:09:00;67;sem vítima;322,8;BR-101/RJ;Norte;Choque Defensa;1;0;0;0;0;0;0;0;0;0;1;0;0;0;0
ECOPONTE;09/10/2018;14:41:00;69;sem vítima;333,5;BR-101/RJ;Norte;Colisão - Lateral;1;0;0;0;1;0;0;0;0;0;1;0;0;0;0
ECOPONTE;09/10/2018;18:25:00;93;sem vítima;324,5;BR-101/RJ;Norte;Colisão - Traseira;2;0;0;0;0;0;0;0;0;0;1;0;0;0;0
ECOPONTE;11/10/2018;07:53:00;19;sem vítima;322,3;BR-101/RJ;Sul;Colisão - Traseira;1;0;0;1;0;0;0;0;0;0;1;0;0;0;0
ECOPONTE;11/10/2018;16:19:00;84;sem vítima;334;BR-101/RJ;Norte;Colisão - Traseira;1;0;0;0;1;0;0;0;0;0;2;0;0;0;0
ECOPONTE;12/10/2018;08:37:00;49;sem vítima;321;BR-101/RJ;Norte;Choque Defensa;1;0;0;0;0;0;0;0;0;0;1;0;0;0;0
ECOPONTE;12/10/2018;17:56:00;107;sem vítima;334;BR-101/RJ;Sul;Colisão - Traseira;2;0;0;0;0;0;0;0;0;0;1;0;0;0;0
ECOPONTE;13/10/2018;19:05:00;96;sem vítima;329,5;BR-101/RJ;Sul;Colisão - Traseira;1;0;0;0;0;0;0;0;0;1;1;0;0;0;0
ECOPONTE;13/10/2018;21:09:00;112;sem vítima;322,6;BR-101/RJ;Sul;Choque Defensa;1;0;0;0;0;0;0;0;0;0;0;0;0;0;0
ECOPONTE;14/10/2018;09:10:00;31;sem vítima;328,9;BR-101/RJ;Norte;Colisão - Traseira;2;0;0;0;0;0;0;0;0;0;1;0;0;0;0
ECOPONTE;14/10/2018;23:06:00;98;com vítima;326,6;BR-101/RJ;Sul;Queda de moto;0;0;0;1;0;0;0;0;0;0;0;1;0;0;0
ECOPONTE;15/10/2018;11:09:00;37;sem vítima;330;BR-101/RJ;Sul;Colisão - Traseira;0;0;0;0;0;0;0;0;0;0;1;0;0;0;0
ECOPONTE;15/10/2018;18:10:00;74;com vítima;334;BR-101/RJ;Norte;Choque Defensa;1;0;0;0;0;0;0;0;0;0;0;0;1;0;0
ECOPONTE;16/10/2018;12:52:00;49;com vítima;333,5;BR-101/RJ;Sul;Choque Defensa;1;0;0;0;0;0;0;0;0;0;0;0;1;0;0
ECOPONTE;17/10/2018;09:07:00;37;sem vítima;324,5;BR-101/RJ;Sul;Colisão - Lateral;1;0;0;1;0;0;0;0;0;0;1;0;0;0;0
ECOPONTE;17/10/2018;19:08:00;115;sem vítima;324,1;BR-101/RJ;Norte;Colisão - Traseira;0;0;2;0;0;0;0;0;0;0;1;0;0;0;0
ECOPONTE;18/10/2018;18:21:00;96;sem vítima;328,3;BR-101/RJ;Norte;Colisão - Traseira;2;0;0;1;0;0;0;0;0;0;1;0;0;0;0
ECOPONTE;19/10/2018;10:54:00;44;sem vítima;324,5;BR-101/RJ;Norte;Colisão - Traseira;2;0;0;0;0;0;0;0;0;0;1;0;0;0;0
ECOPONTE;19/10/2018;13:25:00;58;sem vítima;332;BR-101/RJ;Sul;Colisão - Lateral;2;0;0;0;0;0;0;0;0;0;2;0;0;0;0
ECOPONTE;19/10/2018;14:20:00;63;sem vítima;322,3;BR-101/RJ;Norte;Colisão - Traseira;2;0;0;0;0;0;0;0;0;0;1;0;0;0;0
ECOPONTE;21/10/2018;17:19:00;56;sem vítima;322,3;BR-101/RJ;Norte;Colisão - Transversal;2;0;1;0;0;0;0;0;0;0;5;0;0;0;0
ECOPONTE;22/10/2018;08:32:00;32;sem vítima;327,2;BR-101/RJ;Norte;Colisão - Lateral;1;0;1;0;0;0;0;0;0;0;1;0;0;0;0
ECOPONTE;22/10/2018;16:35:00;72;com vítima;324;BR-101/RJ;Norte;Queda de moto;0;0;0;1;0;0;0;0;0;0;0;1;0;0;0
ECOPONTE;22/10/2018;17:04:00;75;sem vítima;331,6;BR-101/RJ;Norte;Colisão - Traseira;2;0;0;0;0;0;0;0;0;0;2;0;0;0;0
ECOPONTE;23/10/2018;07:01:00;17;sem vítima;322,3;BR-101/RJ;Sul;Colisão - Lateral;1;0;0;1;0;0;0;0;0;0;1;0;0;0;0
ECOPONTE;23/10/2018;12:30:00;64;sem vítima;322,3;BR-101/RJ;Norte;Colisão - Traseira;2;0;0;0;0;0;0;0;0;0;3;0;0;0;0
ECOPONTE;24/10/2018;06:10:00;15;sem vítima;322,3;BR-101/RJ;Norte;Colisão - Traseira;2;0;0;0;0;0;0;0;0;0;1;0;0;0;0
ECOPONTE;24/10/2018;21:59:00;102;com vítima;326;BR-101/RJ;Norte;Choque Defensa;1;0;0;0;0;0;0;0;0;0;0;2;1;0;0
ECOPONTE;24/10/2018;22:38:00;103;sem vítima;326,4;BR-101/RJ;Norte;Colisão - Traseira;0;0;0;0;0;0;0;0;0;0;1;0;0;0;0
ECOPONTE;25/10/2018;19:54:00;88;sem vítima;329,5;BR-101/RJ;Norte;Colisão - Traseira;1;0;0;0;0;0;0;0;0;0;1;0;0;0;0
ECOPONTE;27/10/2018;03:10:00;5;sem vítima;323,5;BR-101/RJ;Norte;Choque - Meio Fio;1;0;0;0;0;0;0;0;0;0;1;0;0;0;0
ECOPONTE;28/10/2018;10:21:00;28;sem vítima;322,5;BR-101/RJ;Norte;Colisão - Traseira;2;0;0;0;0;0;0;0;0;0;1;0;0;0;0
ECOPONTE;28/10/2018;15:01:00;76;sem vítima;322,6;BR-101/RJ;Sul;Colisão - Traseira;2;0;0;0;0;0;0;0;0;0;1;0;0;0;0
ECOPONTE;28/10/2018;15:39:00;82;sem vítima;322,2;BR-101/RJ;Norte;Colisão - Traseira;2;0;0;0;0;0;0;0;0;0;1;0;0;0;0
ECOPONTE;28/10/2018;18:36:00;106;sem vítima;324,5;BR-101/RJ;Sul;Colisão - Traseira;2;0;0;0;0;0;0;0;0;0;1;0;0;0;0
ECOPONTE;30/10/2018;11:33:00;49;sem vítima;322,8;BR-101/RJ;Norte;Colisão - Traseira;1;0;0;0;0;0;0;0;0;0;1;0;0;0;0
ECOPONTE;30/10/2018;13:33:00;60;sem vítima;334;BR-101/RJ;Norte;Colisão - Traseira;0;0;0;0;0;0;0;0;0;1;1;0;0;0;0
ECOPONTE;31/10/2018;08:32:00;23;sem vítima;325;BR-101/RJ;Sul;Colisão - Traseira;1;0;0;1;0;0;0;0;0;0;1;0;0;0;0
ECOPONTE;31/10/2018;15:33:00;80;sem vítima;333;BR-101/RJ;Sul;Colisão - Traseira;0;0;0;0;2;0;0;0;0;0;1;0;0;0;0
ECOPONTE;31/10/2018;19:51:00;113;sem vítima;322,7;BR-101/RJ;Norte;Colisão - Traseira;1;0;0;0;1;0;0;0;0;0;1;0;0;0;0
ECOPONTE;01/12/2018;08:43:00;24;sem vítima;324;BR-101/RJ;Norte;Colisão - Traseira;2;0;0;0;0;0;0;0;0;0;2;0;0;0;0
ECOPONTE;02/12/2018;07:08:00;6;sem vítima;321;BR-101/RJ;Norte;Colisão - Lateral;2;0;0;0;0;0;0;0;0;0;1;0;0;0;0
ECOPONTE;03/12/2018;06:10:00;10;com vítima;333;BR-101/RJ;Sul;Colisão - Lateral;0;0;0;1;0;0;0;0;0;0;0;0;2;0;0
ECOPONTE;03/12/2018;09:05:00;29;sem vítima;322,3;BR-101/RJ;Sul;Colisão - Traseira;2;0;0;0;0;0;0;0;0;0;1;0;0;0;0
ECOPONTE;03/12/2018;17:05:00;83;com vítima;324,2;BR-101/RJ;Norte;Colisão - Traseira;0;0;1;0;1;0;0;0;0;0;0;1;0;0;0
ECOPONTE;04/12/2018;16:12:00;68;sem vítima;327;BR-101/RJ;Norte;Colisão - Traseira;2;0;0;0;0;0;0;0;0;0;1;0;0;0;0
ECOPONTE;04/12/2018;16:20:00;69;com vítima;332;BR-101/RJ;Norte;Colisão - Traseira;1;0;0;1;0;0;0;0;0;0;0;0;1;0;0
ECOPONTE;04/12/2018;17:07:00;74;sem vítima;326,5;BR-101/RJ;Sul;Colisão - Lateral;1;0;0;0;0;0;0;0;0;1;1;0;0;0;0
ECOPONTE;05/12/2018;22:25:00;111;sem vítima;322,3;BR-101/RJ;Norte;Colisão - Traseira;2;0;0;0;0;0;0;0;0;0;1;0;0;0;0
ECOPONTE;06/12/2018;08:36:00;32;sem vítima;322;BR-101/RJ;Sul;Queda de moto;1;0;0;1;0;0;0;0;0;0;2;0;0;0;0
ECOPONTE;07/12/2018;06:45:00;19;sem vítima;328;BR-101/RJ;Sul;Colisão - Traseira;2;0;0;0;0;0;0;0;0;0;1;0;0;0;0
ECOPONTE;07/12/2018;07:53:00;26;sem vítima;324,5;BR-101/RJ;Sul;Colisão - Traseira;1;0;0;0;0;0;0;0;0;1;1;0;0;0;0
ECOPONTE;07/12/2018;09:06:00;32;sem vítima;327;BR-101/RJ;Sul;Colisão - Traseira;1;0;0;1;0;0;0;0;0;0;1;0;0;0;0
ECOPONTE;07/12/2018;15:40:00;78;sem vítima;322,5;BR-101/RJ;Norte;Colisão - Traseira;1;0;2;0;0;0;0;0;0;0;1;0;0;0;0
ECOPONTE;07/12/2018;22:39:00;131;sem vítima;330;BR-101/RJ;Sul;Colisão - Traseira;1;0;1;0;0;0;0;0;0;0;1;0;0;0;0
ECOPONTE;08/12/2018;13:52:00;45;com vítima;334;BR-101/RJ;Sul;Colisão - Traseira;1;0;0;1;0;0;0;0;0;0;0;2;1;0;0
ECOPONTE;08/12/2018;15:29:00;58;sem vítima;324;BR-101/RJ;Norte;Colisão - Traseira;2;0;0;0;0;0;0;0;0;0;1;0;0;0;0
ECOPONTE;08/12/2018;16:52:00;67;sem vítima;334;BR-101/RJ;Sul;Colisão - Traseira;2;0;0;0;0;0;0;0;0;0;1;0;0;0;0
ECOPONTE;11/12/2018;06:45:00;15;sem vítima;327,5;BR-101/RJ;Norte;Colisão - Lateral;0;0;2;0;0;0;0;0;0;0;2;0;0;0;0
ECOPONTE;11/12/2018;10:18:00;30;sem vítima;324;BR-101/RJ;Sul;Colisão - Traseira;1;0;0;1;0;0;0;0;0;0;2;0;0;0;0
ECOPONTE;11/12/2018;11:47:00;40;sem vítima;323;BR-101/RJ;Sul;Engavetamento;3;0;0;0;0;0;0;0;0;0;3;0;0;0;0
ECOPONTE;12/12/2018;10:35:00;37;com vítima;326,5;BR-101/RJ;Sul;Queda de moto;0;0;0;1;0;0;0;0;0;0;0;2;0;0;0
ECOPONTE;12/12/2018;19:22:00;116;sem vítima;321;BR-101/RJ;Sul;Colisão - Lateral;0;0;1;0;0;0;0;0;0;1;1;0;0;0;0
ECOPONTE;13/12/2018;06:43:00;15;sem vítima;333,5;BR-101/RJ;Sul;Colisão - Traseira;2;0;0;0;0;0;0;0;0;0;1;0;0;0;0
ECOPONTE;13/12/2018;08:23:00;26;com vítima;334;BR-101/RJ;Sul;Colisão - Lateral;0;0;0;1;0;0;0;0;0;0;1;1;0;0;0
ECOPONTE;13/12/2018;10:45:00;47;com vítima;326,5;BR-101/RJ;Sul;Colisão - Traseira;1;0;0;1;0;0;0;0;0;0;1;1;0;0;0
ECOPONTE;13/12/2018;19:02:00;128;sem vítima;327,5;BR-101/RJ;Norte;Colisão - Lateral;2;0;0;0;0;0;0;0;0;0;1;0;0;0;0
ECOPONTE;14/12/2018;07:17:00;19;com vítima;334;BR-101/RJ;Sul;Queda de moto;0;0;0;1;0;0;0;0;0;0;0;1;0;0;0
ECOPONTE;14/12/2018;08:56:00;32;sem vítima;322,3;BR-101/RJ;Sul;Colisão - Traseira;2;0;0;0;0;0;0;0;0;0;2;0;0;0;0
ECOPONTE;14/12/2018;19:29:00;116;sem vítima;324,5;BR-101/RJ;Norte;Engavetamento;4;0;0;0;0;0;0;0;0;0;1;0;0;0;0
ECOPONTE;14/12/2018;22:41:00;133;sem vítima;321,5;BR-101/RJ;Sul;Choque Defensa;1;0;0;0;0;0;0;0;0;0;1;0;0;0;0
ECOPONTE;15/12/2018;06:24:00;18;sem vítima;322,3;BR-101/RJ;Norte;Colisão - Lateral;4;0;0;1;0;0;0;0;0;0;5;0;0;0;0
ECOPONTE;15/12/2018;10:20:00;54;sem vítima;324,5;BR-101/RJ;Norte;Colisão - Lateral;2;0;0;0;0;0;0;0;0;0;2;0;0;0;0
ECOPONTE;15/12/2018;13:01:00;82;sem vítima;322,8;BR-101/RJ;Norte;Colisão - Traseira;1;0;0;0;0;0;0;0;0;1;2;0;0;0;0
ECOPONTE;16/12/2018;11:06:00;38;com vítima;330;BR-101/RJ;Norte;Colisão - Traseira;1;0;0;1;0;0;0;0;0;0;0;2;1;0;0
ECOPONTE;17/12/2018;07:44:00;22;com vítima;321;BR-101/RJ;Norte;Queda de moto;0;0;0;1;0;0;0;0;0;0;0;1;0;0;0
ECOPONTE;17/12/2018;09:30:00;27;sem vítima;325;BR-101/RJ;Sul;Colisão - Traseira;1;0;0;1;0;0;0;0;0;0;1;0;0;0;0
ECOPONTE;17/12/2018;12:46:00;56;com vítima;334;BR-101/RJ;Norte;Colisão - Traseira;2;0;0;0;0;0;0;0;0;0;1;0;1;0;0
ECOPONTE;18/12/2018;14:06:00;73;sem vítima;324;BR-101/RJ;Norte;Engavetamento;1;0;0;0;1;0;0;0;0;1;1;0;0;0;0
ECOPONTE;18/12/2018;14:36:00;75;com vítima;324,5;BR-101/RJ;Norte;Colisão - Traseira;1;0;0;1;0;0;0;0;0;0;0;3;0;0;0
ECOPONTE;18/12/2018;18:46:00;110;com vítima;326,6;BR-101/RJ;Norte;Queda de moto;0;0;0;1;0;0;0;0;0;0;0;1;0;0;0
ECOPONTE;18/12/2018;19:01:00;112;com vítima;327,5;BR-101/RJ;Norte;Queda de moto;0;0;0;1;0;0;0;0;0;0;0;1;0;0;0
ECOPONTE;18/12/2018;20:42:00;121;sem vítima;321;BR-101/RJ;Sul;Colisão - Traseira;2;0;0;0;0;0;0;0;0;0;1;0;0;0;0
ECOPONTE;19/12/2018;06:24:00;22;sem vítima;322,3;BR-101/RJ;Sul;Colisão - Traseira;2;0;0;0;0;0;0;0;0;0;2;0;0;0;0
ECOPONTE;19/12/2018;14:34:00;72;com vítima;326,4;BR-101/RJ;Sul;Colisão - Traseira;1;0;0;0;0;0;0;0;0;1;3;1;0;0;0
ECOPONTE;19/12/2018;16:13:00;84;sem vítima;324,5;BR-101/RJ;Norte;Colisão - Lateral;1;0;0;0;1;0;0;0;0;0;2;0;0;0;0
ECOPONTE;20/12/2018;05:53:00;13;sem vítima;326;BR-101/RJ;Norte;Choque Defensa;1;0;0;0;0;0;0;0;0;0;1;0;0;0;0
ECOPONTE;20/12/2018;12:01:00;50;sem vítima;322,3;BR-101/RJ;Sul;Engavetamento;2;0;1;0;0;0;0;0;0;0;1;0;0;0;0
ECOPONTE;20/12/2018;13:21:00;59;sem vítima;322,8;BR-101/RJ;Norte;Colisão - Traseira;2;0;0;0;0;0;0;0;0;0;1;0;0;0;0
ECOPONTE;20/12/2018;16:36:00;85;sem vítima;321;BR-101/RJ;Norte;Engavetamento;2;0;0;0;0;0;0;0;0;0;4;0;0;0;0
ECOPONTE;20/12/2018;23:24:00;142;sem vítima;327,5;BR-101/RJ;Norte;Colisão - Traseira;2;0;0;0;0;0;0;0;0;0;1;0;0;0;0
ECOPONTE;21/12/2018;15:50:00;98;sem vítima;329;BR-101/RJ;Norte;Colisão - Traseira;1;0;0;0;0;0;0;0;0;1;1;0;0;0;0
ECOPONTE;21/12/2018;16:44:00;103;sem vítima;324;BR-101/RJ;Norte;Colisão - Traseira;2;0;0;0;0;0;0;0;0;0;1;0;0;0;0
ECOPONTE;22/12/2018;11:03:00;40;sem vítima;322,5;BR-101/RJ;Norte;Colisão - Traseira;3;0;0;0;0;0;0;0;0;0;1;0;0;0;0
ECOPONTE;23/12/2018;05:13:00;13;sem vítima;326,7;BR-101/RJ;Norte;Colisão - Lateral;2;0;0;0;0;0;0;0;0;0;1;0;0;0;0
ECOPONTE;24/12/2018;08:41:00;28;com vítima;327;BR-101/RJ;Norte;Colisão - Traseira;1;0;0;1;0;0;0;0;0;0;1;0;1;0;0
ECOPONTE;25/12/2018;14:18:00;38;sem vítima;322,5;BR-101/RJ;Norte;Colisão - Traseira;1;0;0;0;0;0;0;0;0;1;2;0;0;0;0
ECOPONTE;25/12/2018;15:59:00;51;com vítima;324;BR-101/RJ;Norte;Colisão - Traseira;2;0;0;0;0;0;0;0;0;0;0;1;0;0;0
ECOPONTE;25/12/2018;17:13:00;63;sem vítima;324,5;BR-101/RJ;Norte;Colisão - Lateral;0;0;1;0;1;0;0;0;0;0;2;0;0;0;0
ECOPONTE;26/12/2018;06:35:00;19;sem vítima;326,2;BR-101/RJ;Sul;Colisão - Traseira;1;0;0;1;0;0;0;0;0;0;1;0;0;0;0
ECOPONTE;27/12/2018;17:58:00;97;sem vítima;334;BR-101/RJ;Norte;Colisão - Lateral;2;0;0;0;0;0;0;0;0;0;1;0;0;0;0
ECOPONTE;28/12/2018;06:48:00;22;sem vítima;324,5;BR-101/RJ;Norte;Colisão - Traseira;2;0;0;0;0;0;0;0;0;0;2;0;0;0;0
ECOPONTE;28/12/2018;12:46:00;62;sem vítima;323;BR-101/RJ;Norte;Colisão - Traseira;2;0;0;0;0;0;0;0;0;0;2;0;0;0;0
ECOPONTE;28/12/2018;14:28:00;79;sem vítima;324,5;BR-101/RJ;Norte;Colisão - Lateral;1;0;0;1;0;0;0;0;0;0;2;0;0;0;0
ECOPONTE;28/12/2018;15:09:00;85;sem vítima;334;BR-101/RJ;Norte;Colisão - Traseira;2;0;0;0;0;0;0;0;0;0;2;0;0;0;0
ECOPONTE;28/12/2018;15:49:00;92;sem vítima;323;BR-101/RJ;Norte;Colisão - Traseira;1;0;0;1;0;0;0;0;0;0;2;0;0;0;0
ECOPONTE;28/12/2018;22:45:00;126;sem vítima;323,5;BR-101/RJ;Norte;Colisão - Traseira;2;0;0;0;0;0;0;0;0;0;1;0;0;0;0
ECOPONTE;29/12/2018;04:34:00;8;sem vítima;323,5;BR-101/RJ;Norte;Colisão - Lateral;1;0;1;0;0;0;0;0;0;0;1;0;0;0;0
ECOPONTE;29/12/2018;04:44:00;9;sem vítima;324;BR-101/RJ;Norte;Colisão - Traseira;1;0;0;0;0;0;0;0;0;0;1;0;0;0;0
ECOPONTE;29/12/2018;07:38:00;43;sem vítima;324,5;BR-101/RJ;Norte;Colisão - Lateral;2;0;0;0;0;0;0;0;0;0;2;0;0;0;0
ECOPONTE;29/12/2018;09:07:00;62;sem vítima;333,5;BR-101/RJ;Norte;Colisão - Traseira;2;0;0;0;0;0;0;0;0;0;2;0;0;0;0
ECOPONTE;29/12/2018;14:41:00;109;com vítima;321;BR-101/RJ;Norte;Colisão - Traseira;1;0;0;1;0;0;0;0;0;0;1;1;0;0;0
ECOPONTE;29/12/2018;15:40:00;113;com vítima;324;BR-101/RJ;Norte;Colisão - Traseira;2;0;0;0;0;0;0;0;0;0;0;1;0;0;0
ECOPONTE;29/12/2018;17:59:00;126;sem vítima;324;BR-101/RJ;Norte;Engavetamento;3;0;0;0;0;0;0;0;0;0;0;0;0;0;0
ECOPONTE;30/12/2018;02:56:00;6;com vítima;326,5;BR-101/RJ;Sul;Colisão - Traseira;0;0;2;0;0;0;0;0;0;0;2;0;1;0;0
ECOPONTE;01/01/2019;09:45:00;18;com vítima;324,5;BR-101/RJ;Norte;Colisão - Traseira;1;0;0;1;0;0;0;0;0;0;0;2;0;0;0
ECOPONTE;01/01/2019;15:58:00;40;com vítima;333,7;BR-101/RJ;Sul;Colisão - Traseira;2;0;0;0;0;0;0;0;0;0;0;8;0;0;0
ECOPONTE;02/01/2019;12:18:00;71;sem vítima;331,5;BR-101/RJ;Sul;Engavetamento;3;0;0;0;0;0;0;0;0;0;3;0;0;0;0
ECOPONTE;02/01/2019;15:50:00;100;sem vítima;322,8;BR-101/RJ;Sul;Colisão - Traseira;1;0;0;1;0;0;0;0;0;0;2;0;0;0;0
ECOPONTE;03/01/2019;15:08:00;110;sem vítima;326;BR-101/RJ;Sul;Colisão - Traseira;2;0;0;0;0;0;0;0;0;0;2;0;0;0;0
ECOPONTE;03/01/2019;15:48:00;118;sem vítima;323;BR-101/RJ;Sul;Colisão - Traseira;2;0;0;0;0;0;0;0;0;0;2;0;0;0;0
ECOPONTE;04/01/2019;14:26:00;55;com vítima;323,2;BR-101/RJ;Sul;Choque - Meio Fio;1;0;0;0;1;0;0;0;0;0;0;4;0;0;0
ECOPONTE;04/01/2019;16:29:00;77;com vítima;328,8;BR-101/RJ;Norte;Colisão - Lateral;2;0;0;0;1;0;0;0;0;0;0;3;0;0;0
ECOPONTE;05/01/2019;16:57:00;51;sem vítima;322,8;BR-101/RJ;Norte;Choque Praça;0;0;1;0;0;0;0;0;0;0;1;0;0;0;0
ECOPONTE;05/01/2019;22:08:00;87;sem vítima;333,8;BR-101/RJ;Norte;Colisão - Traseira;2;0;0;0;0;0;0;0;0;0;2;0;0;0;0
ECOPONTE;05/01/2019;22:45:00;90;com vítima;321;BR-101/RJ;Norte;Queda de moto;0;0;0;1;0;0;0;0;0;0;0;1;0;0;0
ECOPONTE;06/01/2019;08:59:00;27;com vítima;328,5;BR-101/RJ;Norte;Colisão - Traseira;2;0;0;0;0;0;0;0;0;0;0;4;0;0;0
ECOPONTE;06/01/2019;16:14:00;65;sem vítima;324,2;BR-101/RJ;Sul;Colisão - Lateral;2;0;0;0;0;0;0;0;0;0;2;0;0;0;0
ECOPONTE;06/01/2019;19:37:00;81;sem vítima;322,8;BR-101/RJ;Norte;Engavetamento;3;0;0;0;0;0;0;0;0;0;3;0;0;0;0
ECOPONTE;08/01/2019;07:08:00;14;com vítima;322,8;BR-101/RJ;Sul;Colisão - Traseira;1;0;0;2;0;0;0;0;0;0;0;3;0;0;0
ECOPONTE;08/01/2019;08:05:00;23;sem vítima;324,5;BR-101/RJ;Sul;Colisão - Traseira;2;0;0;0;0;0;0;0;0;0;2;0;0;0;0
ECOPONTE;08/01/2019;08:41:00;25;sem vítima;322,8;BR-101/RJ;Sul;Colisão - Traseira;2;0;0;0;0;0;0;0;0;0;2;0;0;0;0
ECOPONTE;08/01/2019;12:29:00;40;sem vítima;322,4;BR-101/RJ;Sul;Engavetamento;3;0;0;0;0;0;0;0;0;0;3;0;0;0;0
ECOPONTE;08/01/2019;18:55:00;79;com vítima;333,5;BR-101/RJ;Norte;Queda de moto;1;0;0;1;0;0;0;0;0;0;1;1;0;0;0
ECOPONTE;09/01/2019;07:08:00;20;com vítima;322,4;BR-101/RJ;Sul;Colisão - Lateral;0;0;0;2;0;0;0;0;0;1;1;2;0;0;0
ECOPONTE;09/01/2019;15:59:00;83;sem vítima;324,6;BR-101/RJ;Norte;Colisão - Traseira;2;0;0;0;0;0;0;0;0;0;2;0;0;0;0
ECOPONTE;09/01/2019;18:12:00;102;sem vítima;329,1;BR-101/RJ;Norte;Colisão - Traseira;2;0;0;0;0;0;0;0;0;0;2;0;0;0;0
ECOPONTE;10/01/2019;17:32:00;87;sem vítima;328,1;BR-101/RJ;Norte;Engavetamento;4;0;0;0;0;0;0;0;0;0;4;0;0;0;0