concessionaria;data;horario;n_da_ocorrencia;tipo_de_ocorrencia;km;trecho;sentido;tipo_de_acidente;automovel;bicicleta;caminhao;moto;onibus;outros;tracao_animal;transporte_de_cargas_especiais;trator_maquinas;utilitarios;ilesos;levemente_feridos;moderadamente_feridos;gravemente_feridos;mortos
ECOPONTE;04/02/2020;21:02:00;123;com vítima;334;BR-101/RJ;Norte;Engavetamento;3;0;0;0;0;0;0;0;0;0;4;2;2;0;0
ECOPONTE;05/02/2020;19:27:00;105;sem vítima;322,5;BR-101/RJ;Sul;Choque - Meio Fio;1;0;0;0;0;0;0;0;0;0;1;0;0;0;0
ECOPONTE;06/02/2020;09:11:00;42;com vítima;325;BR-101/RJ;Norte;Choque Defensa;1;0;0;0;0;0;0;0;0;0;0;1;0;0;0
ECOPONTE;06/02/2020;12:37:00;63;sem vítima;334;BR-101/RJ;Sul;Engavetamento;3;0;0;0;0;0;0;0;0;0;3;0;0;0;0
ECOPONTE;06/02/2020;18:10:00;106;sem vítima;334;BR-101/RJ;Norte;Colisão - Traseira;2;0;0;0;0;0;0;0;0;0;1;0;0;0;0
ECOPONTE;07/02/2020;16:08:00;88;sem vítima;324;BR-101/RJ;Sul;Engavetamento;3;0;0;0;0;0;0;0;0;0;3;0;0;0;0
ECOPONTE;09/02/2020;09:40:00;25;com vítima;322;BR-101/RJ;Norte;Colisão - Lateral;1;0;0;1;0;0;0;0;0;0;1;0;1;0;0
ECOPONTE;09/02/2020;16:52:00;67;com vítima;334;BR-101/RJ;Sul;Colisão - Traseira;1;0;0;1;0;0;0;0;0;0;0;9;0;0;0
ECOPONTE;09/02/2020;21:30:00;104;com vítima;321;BR-101/RJ;Norte;Atropelamento;0;0;0;0;1;0;0;0;0;0;1;0;0;1;0
ECOPONTE;10/02/2020;13:47:00;79;sem vítima;333,5;BR-101/RJ;Sul;Colisão - Traseira;2;0;0;0;0;0;0;0;0;0;2;0;0;0;0
ECOPONTE;10/02/2020;19:03:00;122;com vítima;333,4;BR-101/RJ;Norte;Queda de moto;0;0;0;1;0;0;0;0;0;0;1;1;0;0;0
ECOPONTE;10/02/2020;22:53:00;155;com vítima;326,6;BR-101/RJ;Norte;Queda de moto;0;0;0;1;0;0;0;0;0;0;0;0;1;0;0
ECOPONTE;11/02/2020;14:22:00;54;com vítima;333,5;BR-101/RJ;Norte;Colisão - Traseira;1;0;0;0;0;0;0;0;0;1;0;3;0;0;0
ECOPONTE;12/02/2020;07:38:00;23;sem vítima;324,3;BR-101/RJ;Sul;Colisão - Transversal;2;0;0;0;0;0;0;0;0;1;3;0;0;0;0
ECOPONTE;12/02/2020;19:42:00;118;sem vítima;324;BR-101/RJ;Norte;Colisão - Traseira;2;0;0;0;0;0;0;0;0;0;2;0;0;0;0
ECOPONTE;13/02/2020;02:05:00;7;sem vítima;327;BR-101/RJ;Sul;Colisão - Lateral;1;0;2;0;0;0;0;0;0;0;2;0;0;0;0
ECOPONTE;13/02/2020;10:21:00;41;sem vítima;330;BR-101/RJ;Sul;Engavetamento;2;0;0;1;0;0;0;0;0;1;4;0;0;0;0
ECOPONTE;13/02/2020;17:12:00;98;sem vítima;330;BR-101/RJ;Norte;Colisão - Lateral;2;0;0;0;0;0;0;0;0;0;1;0;0;0;0
ECOPONTE;14/02/2020;07:43:00;28;sem vítima;322;BR-101/RJ;Norte;Queda de moto;0;0;0;1;0;0;0;0;0;0;1;0;0;0;0
ECOPONTE;14/02/2020;14:21:00;72;sem vítima;334;BR-101/RJ;Sul;Queda de moto;1;0;0;2;0;0;0;0;0;0;3;0;0;0;0
ECOPONTE;14/02/2020;17:36:00;97;com vítima;322,3;BR-101/RJ;Sul;Colisão - Lateral;1;0;0;1;0;0;0;0;0;0;0;3;0;0;0
ECOPONTE;15/02/2020;16:06:00;107;com vítima;322,8;BR-101/RJ;Sul;Engavetamento;4;0;0;0;0;0;0;0;0;0;0;4;0;0;0
ECOPONTE;15/02/2020;16:56:00;120;com vítima;331,5;BR-101/RJ;Norte;Colisão - Lateral;2;0;0;0;0;0;0;0;0;0;0;2;0;0;0
ECOPONTE;17/02/2020;07:05:00;24;sem vítima;325;BR-101/RJ;Sul;Colisão - Traseira;2;0;0;0;0;0;0;0;0;0;2;0;0;0;0
ECOPONTE;18/02/2020;14:15:00;79;com vítima;329;BR-101/RJ;Norte;Colisão - Traseira;0;0;2;0;0;0;0;0;0;0;0;2;0;0;0
ECOPONTE;18/02/2020;17:30:00;120;com vítima;327,5;BR-101/RJ;Norte;Colisão - Traseira;2;0;0;0;0;0;0;0;0;0;0;2;0;0;0
ECOPONTE;19/02/2020;06:36:00;17;sem vítima;322,3;BR-101/RJ;Sul;Colisão - Lateral;0;0;0;2;0;0;0;0;0;0;3;0;0;0;0
ECOPONTE;20/02/2020;11:55:00;77;com vítima;324,5;BR-101/RJ;Norte;Colisão - Traseira;1;0;0;1;0;0;0;0;0;0;1;2;0;0;0
ECOPONTE;21/02/2020;20:42:00;122;sem vítima;322,8;BR-101/RJ;Sul;Choque - Meio Fio;1;0;0;0;0;0;0;0;0;0;1;0;0;0;0
ECOPONTE;22/02/2020;05:39:00;38;com vítima;322,3;BR-101/RJ;Norte;Colisão - Traseira;2;0;0;0;0;0;0;0;0;0;0;2;0;0;0
ECOPONTE;23/02/2020;10:37:00;32;com vítima;324;BR-101/RJ;Norte;Engavetamento;3;0;0;0;0;0;0;0;0;0;0;3;0;0;0
ECOPONTE;24/02/2020;00:18:00;1;com vítima;322,8;BR-101/RJ;Norte;Atropelamento;1;0;0;0;0;0;0;0;0;0;1;0;0;1;0
ECOPONTE;24/02/2020;07:16:00;20;com vítima;333;BR-101/RJ;Sul;Queda de moto;0;0;0;1;0;0;0;0;0;0;0;0;0;1;0
ECOPONTE;26/02/2020;11:37:00;47;com vítima;334;BR-101/RJ;Sul;Queda de moto;0;0;0;1;0;0;0;0;0;0;0;2;0;0;0
ECOPONTE;28/02/2020;07:25:00;14;sem vítima;331,5;BR-101/RJ;Sul;Colisão - Traseira;2;0;0;0;0;0;0;0;0;0;2;0;0;0;0
ECOPONTE;28/02/2020;12:04:00;48;com vítima;333,5;BR-101/RJ;Sul;Colisão - Lateral;1;0;0;1;0;0;0;0;0;1;2;1;0;0;0
ECOPONTE;29/02/2020;22:42:00;102;com vítima;332,5;BR-101/RJ;Sul;Colisão - Traseira;1;0;1;0;0;0;0;0;0;0;3;0;0;1;0
ECOPONTE;06/04/2020;17:35:00;60;sem vítima;322,8;BR-101/RJ;Norte;Colisão - Traseira;2;0;0;0;0;0;0;0;0;0;1;0;0;0;0
ECOPONTE;06/04/2020;21:00:00;71;com vítima;329,8;BR-101/RJ;Sul;Queda de moto;0;0;0;1;0;0;0;0;0;0;0;0;1;0;0
ECOPONTE;08/04/2020;05:24:00;7;com vítima;327;BR-101/RJ;Norte;Colisão - Traseira;0;0;1;0;0;0;0;0;0;0;0;2;0;0;0
ECOPONTE;08/04/2020;06:29:00;10;com vítima;329;BR-101/RJ;Sul;Choque veículo parado na pista;3;0;0;0;0;0;0;0;0;0;0;2;0;0;0
ECOPONTE;08/04/2020;09:55:00;28;sem vítima;321;BR-101/RJ;Sul;Colisão - Transversal;1;0;1;0;0;0;0;0;0;0;2;0;0;0;0
ECOPONTE;11/04/2020;16:38:00;33;com vítima;328,5;BR-101/RJ;Sul;Queda de moto;0;0;0;1;0;0;0;0;0;0;0;1;0;0;0
ECOPONTE;12/04/2020;15:06:00;28;com vítima;330;BR-101/RJ;Norte;Queda de moto;0;0;0;1;0;0;0;0;0;0;0;2;0;0;0
ECOPONTE;14/04/2020;09:56:00;27;sem vítima;334;BR-101/RJ;Sul;Colisão - Traseira;1;0;0;0;0;0;0;0;0;1;2;0;0;0;0
ECOPONTE;16/04/2020;14:16:00;55;sem vítima;333,8;BR-101/RJ;Norte;Engavetamento;2;0;0;0;0;0;0;0;0;1;3;0;0;0;0
ECOPONTE;17/04/2020;06:02:00;6;com vítima;330,5;BR-101/RJ;Sul;Choque veículo parado na pista;0;0;1;1;0;0;0;0;0;0;0;1;1;0;0
ECOPONTE;17/04/2020;14:16:00;33;sem vítima;328;BR-101/RJ;Norte;Colisão - Traseira;2;0;0;0;0;1;0;0;0;0;5;0;0;0;0
ECOPONTE;20/04/2020;11:51:00;26;sem vítima;325,5;BR-101/RJ;Sul;Choque com objeto sobre a pist;0;0;0;0;0;0;0;0;0;2;2;0;0;0;0
ECOPONTE;25/04/2020;05:05:00;8;sem vítima;321;BR-101/RJ;Norte;Choque - Meio Fio;1;0;0;0;0;0;0;0;0;0;1;0;0;0;0
ECOPONTE;28/04/2020;14:34:00;42;com vítima;328,5;BR-101/RJ;Sul;Colisão - Traseira;1;0;0;1;0;0;0;0;0;0;1;1;0;0;0
ECOPONTE;30/04/2020;18:44:00;82;com vítima;327;BR-101/RJ;Norte;Colisão - Traseira;2;0;0;0;0;0;0;0;0;0;0;2;0;0;0
ECOPONTE;01/05/2020;01:07:00;4;com vítima;334;BR-101/RJ;Sul;Colisão - Frontal;0;0;0;1;0;0;0;0;0;0;0;2;0;0;0
ECOPONTE;04/05/2020;15:24:00;36;com vítima;332;BR-101/RJ;Sul;Choque veículo parado na pista;1;0;0;1;0;0;0;0;0;0;1;1;0;0;0
ECOPONTE;05/05/2020;17:50:00;74;com vítima;324,5;BR-101/RJ;Norte;Engavetamento;2;0;0;0;0;0;0;0;0;1;0;4;0;0;0
ECOPONTE;06/05/2020;21:53:00;76;sem vítima;322,3;BR-101/RJ;Norte;Colisão - Traseira;2;0;0;0;0;0;0;0;0;0;2;0;0;0;0
ECOPONTE;09/05/2020;11:13:00;28;sem vítima;322,8;BR-101/RJ;Norte;Choque Praça;0;0;1;0;0;0;0;0;0;0;1;0;0;0;0
ECOPONTE;11/05/2020;07:27:00;11;com vítima;327;BR-101/RJ;Norte;Choque veículo parado na pista;1;0;0;1;0;0;0;0;0;0;1;0;0;1;0
ECOPONTE;12/05/2020;16:39:00;53;sem vítima;322,8;BR-101/RJ;Norte;Colisão - Traseira;2;0;0;0;0;0;0;0;0;0;2;0;0;0;0
ECOPONTE;14/05/2020;18:44:00;71;com vítima;326,5;BR-101/RJ;Norte;Colisão - Traseira;2;0;0;0;0;0;0;0;0;0;1;1;0;0;0
ECOPONTE;21/05/2020;11:39:00;38;sem vítima;326,6;BR-101/RJ;Sul;Choque veículo parado na pista;0;0;1;1;0;0;0;0;0;0;2;0;0;0;0
ECOPONTE;21/05/2020;14:40:00;52;sem vítima;332;BR-101/RJ;Norte;Colisão - Lateral;1;0;1;0;0;0;0;0;0;0;2;0;0;0;0
ECOPONTE;21/05/2020;18:04:00;71;sem vítima;324,2;BR-101/RJ;Norte;Colisão - Traseira;2;0;0;0;0;0;0;0;0;0;2;0;0;0;0
ECOPONTE;22/05/2020;16:13:00;57;sem vítima;330;BR-101/RJ;Norte;Colisão - Lateral;2;0;0;0;0;0;0;0;0;0;2;0;0;0;0
ECOPONTE;22/05/2020;18:07:00;72;sem vítima;323,5;BR-101/RJ;Norte;Colisão - Traseira;1;0;0;0;0;0;0;0;0;1;2;0;0;0;0
ECOPONTE;25/05/2020;05:49:00;4;com vítima;333,6;BR-101/RJ;Sul;Choque Defensa;1;0;0;0;0;0;0;0;0;0;0;1;0;0;0
ECOPONTE;25/05/2020;13:51:00;43;sem vítima;334;BR-101/RJ;Norte;Colisão - Lateral;1;0;1;0;0;0;0;0;0;0;2;0;0;0;0
ECOPONTE;25/05/2020;15:56:00;55;sem vítima;332;BR-101/RJ;Norte;Choque veículo parado na pista;1;0;2;0;0;0;0;0;0;0;4;0;0;0;0
ECOPONTE;26/05/2020;07:12:00;13;com vítima;333,5;BR-101/RJ;Norte;Colisão - Traseira;1;0;0;1;0;0;0;0;0;0;1;1;0;0;0
ECOPONTE;27/05/2020;07:08:00;13;com vítima;324,5;BR-101/RJ;Norte;Colisão - Lateral;3;0;0;1;0;0;0;0;0;1;2;4;0;0;0
ECOPONTE;27/05/2020;08:04:00;18;com vítima;324;BR-101/RJ;Sul;Colisão - Lateral;1;0;0;1;0;0;0;0;0;0;1;2;0;0;0
ECOPONTE;27/05/2020;18:25:00;66;com vítima;328,2;BR-101/RJ;Norte;Colisão - Lateral;1;0;0;1;0;0;0;0;0;0;1;1;0;0;0
ECOPONTE;29/05/2020;19:20:00;84;sem vítima;325;BR-101/RJ;Norte;Colisão - Traseira;2;0;0;0;0;0;0;0;0;0;2;0;0;0;0
ECOPONTE;30/05/2020;16:32:00;58;com vítima;334;BR-101/RJ;Sul;Queda de moto;0;0;0;1;0;0;0;0;0;0;0;1;0;0;0
ECOPONTE;30/05/2020;19:12:00;76;sem vítima;327,5;BR-101/RJ;Sul;Colisão - Lateral;0;0;1;0;1;0;0;0;0;0;2;0;0;0;0
ECOPONTE;31/05/2020;01:25:00;3;com vítima;323,5;BR-101/RJ;Norte;Capotamento;1;0;0;0;0;0;0;0;0;0;0;1;0;0;0
ECOPONTE;31/05/2020;16:57:00;43;com vítima;324,5;BR-101/RJ;Sul;Colisão - Lateral;0;0;1;1;0;0;0;0;0;0;1;1;0;0;0
ECOPONTE;01/06/2020;16:50:00;52;sem vítima;331,5;BR-101/RJ;Sul;Choque veículo parado na pista;1;0;0;1;0;0;0;0;0;0;2;0;0;0;0
ECOPONTE;02/06/2020;19:40:00;93;com vítima;322,5;BR-101/RJ;Norte;Engavetamento;2;0;1;0;0;0;0;0;0;0;2;1;0;0;0
ECOPONTE;03/06/2020;12:36:00;47;sem vítima;328,5;BR-101/RJ;Norte;Engavetamento;3;0;0;0;0;0;0;0;0;0;3;0;0;0;0
ECOPONTE;04/06/2020;16:39:00;72;sem vítima;322,5;BR-101/RJ;Norte;Colisão - Traseira;2;0;0;0;0;0;0;0;0;0;2;0;0;0;0
ECOPONTE;07/06/2020;09:39:00;18;com vítima;333;BR-101/RJ;Sul;Choque veículo parado na pista;2;0;0;0;0;0;0;0;0;0;0;5;0;0;0
ECOPONTE;08/06/2020;14:35:00;51;sem vítima;326,3;BR-101/RJ;Sul;Choque veículo parado na pista;4;0;0;0;0;0;0;0;0;0;5;0;0;0;0
ECOPONTE;08/06/2020;16:53:00;61;com vítima;322,8;BR-101/RJ;Norte;Colisão - Traseira;1;0;0;1;0;0;0;0;0;0;1;1;0;0;0
ECOPONTE;09/06/2020;15:31:00;77;com vítima;324;BR-101/RJ;Norte;Queda de moto;0;0;0;1;0;0;0;0;0;0;0;1;0;0;0
ECOPONTE;09/06/2020;23:38:00;114;sem vítima;329,2;BR-101/RJ;Sul;Choque Defensa;1;0;0;0;0;0;0;0;0;0;1;0;0;0;0
ECOPONTE;10/06/2020;14:27:00;56;sem vítima;321;BR-101/RJ;Norte;Colisão - Lateral;1;0;2;0;0;0;0;0;0;0;6;0;0;0;0
ECOPONTE;10/06/2020;19:09:00;91;sem vítima;334;BR-101/RJ;Norte;Colisão - Lateral;2;0;0;0;0;0;0;0;0;0;2;0;0;0;0
ECOPONTE;12/06/2020;06:36:00;7;sem vítima;327;BR-101/RJ;Sul;Colisão - Lateral;2;0;0;0;0;0;0;0;0;0;2;0;0;0;0
ECOPONTE;12/06/2020;17:36:00;78;sem vítima;326,2;BR-101/RJ;Norte;Colisão - Lateral;1;0;0;1;0;0;0;0;0;0;2;0;0;0;0
ECOPONTE;12/06/2020;22:29:00;96;sem vítima;334;BR-101/RJ;Sul;Choque Defensa;1;0;0;0;0;0;0;0;0;0;1;0;0;0;0
ECOPONTE;13/06/2020;15:17:00;56;com vítima;324,5;BR-101/RJ;Norte;Queda de moto;0;0;0;1;0;0;0;0;0;0;0;2;0;0;0
ECOPONTE;14/06/2020;05:33:00;9;com vítima;329;BR-101/RJ;Norte;Choque Defensa;1;0;0;0;0;0;0;0;0;0;0;3;0;0;0
ECOPONTE;15/06/2020;17:57:00;56;sem vítima;328,9;BR-101/RJ;Norte;Colisão - Lateral;2;0;0;0;0;0;0;0;0;0;2;0;0;0;0
ECOPONTE;17/06/2020;13:35:00;44;sem vítima;322,3;BR-101/RJ;Norte;Choque - Sinalização;1;0;0;0;0;0;0;0;0;0;1;0;0;0;0
ECOPONTE;17/06/2020;19:24:00;78;sem vítima;325;BR-101/RJ;Norte;Engavetamento;3;0;0;0;0;0;0;0;0;0;3;0;0;0;0
ECOPONTE;17/06/2020;23:15:00;98;sem vítima;334;BR-101/RJ;Sul;Choque Defensa;0;0;2;0;0;0;0;0;0;0;1;0;0;0;0
ECOPONTE;18/06/2020;13:03:00;53;com vítima;331;BR-101/RJ;Norte;Choque veículo parado na pista;1;0;2;0;0;0;0;0;0;0;1;0;0;1;0
ECOPONTE;18/06/2020;18:37:00;87;sem vítima;322,8;BR-101/RJ;Norte;Colisão - Lateral;0;0;1;0;1;0;0;0;0;0;2;0;0;0;0
ECOPONTE;19/06/2020;18:10:00;88;sem vítima;333,5;BR-101/RJ;Norte;Colisão - Lateral;1;0;1;0;0;0;0;0;0;0;1;0;0;0;0
ECOPONTE;21/06/2020;07:30:00;13;com vítima;331;BR-101/RJ;Norte;Choque veículo parado na pista;2;0;0;1;0;0;0;0;0;0;2;0;3;0;0
ECOPONTE;25/06/2020;18:39:00;78;sem vítima;324,5;BR-101/RJ;Norte;Colisão - Traseira;2;0;0;0;0;0;0;0;0;0;2;0;0;0;0
ECOPONTE;26/06/2020;15:36:00;76;com vítima;325;BR-101/RJ;Norte;Colisão - Traseira;0;0;2;0;0;0;0;0;0;0;1;1;0;0;0
ECOPONTE;27/06/2020;12:28:00;49;com vítima;325;BR-101/RJ;Sul;Colisão - Lateral;2;0;0;0;0;0;0;0;0;0;0;3;0;0;0
ECOPONTE;28/06/2020;14:37:00;32;com vítima;328,5;BR-101/RJ;Norte;Colisão - Traseira;2;0;0;0;0;0;0;0;0;0;1;1;0;0;0
ECOPONTE;29/06/2020;16:47:00;53;sem vítima;322,8;BR-101/RJ;Norte;Colisão - Lateral;1;0;2;0;0;0;0;0;0;0;2;0;0;0;0
ECOPONTE;29/06/2020;19:56:00;73;sem vítima;329;BR-101/RJ;Norte;Colisão - Traseira;1;0;1;0;0;0;0;0;0;0;2;0;0;0;0
ECOPONTE;30/06/2020;21:35:00;89;sem vítima;321;BR-101/RJ;Sul;Choque - Meio Fio;1;0;0;0;0;0;0;0;0;0;1;0;0;0;0
ECOPONTE;01/07/2020;17:08:00;92;com vítima;323;BR-101/RJ;Norte;Colisão - Traseira;1;0;0;1;0;0;0;0;0;0;1;2;0;0;0
ECOPONTE;01/07/2020;17:18:00;95;sem vítima;322,3;BR-101/RJ;Sul;Queda de moto;0;0;0;1;0;0;0;0;0;0;1;0;0;0;0
ECOPONTE;02/07/2020;12:21:00;48;sem vítima;322,3;BR-101/RJ;Sul;Colisão - Lateral;2;0;1;0;0;0;0;0;0;0;2;0;0;0;0
ECOPONTE;02/07/2020;19:14:00;91;sem vítima;328;BR-101/RJ;Sul;Colisão - Lateral;2;0;0;0;0;0;0;0;0;0;4;0;0;0;0
ECOPONTE;03/07/2020;13:14:00;43;com vítima;324,4;BR-101/RJ;Norte;Colisão - Lateral;1;0;0;1;0;0;0;0;0;0;1;1;0;0;0
ECOPONTE;04/07/2020;10:20:00;38;com vítima;321;BR-101/RJ;Sul;Atropelamento Ciclista;1;1;0;0;0;0;0;0;0;0;1;1;0;0;0
ECOPONTE;04/07/2020;23:14:00;85;sem vítima;327,4;BR-101/RJ;Norte;Choque - Meio Fio;1;0;0;0;0;0;0;0;0;0;1;0;0;0;0
ECOPONTE;05/07/2020;07:51:00;10;sem vítima;325;BR-101/RJ;Sul;Choque veículo parado na pista;2;0;0;0;0;0;0;0;0;0;3;0;0;0;0
ECOPONTE;05/07/2020;14:07:00;29;com vítima;321;BR-101/RJ;Norte;Queda de moto;0;0;0;1;0;0;0;0;0;0;0;2;0;0;0
ECOPONTE;05/07/2020;20:00:00;56;com vítima;321;BR-101/RJ;Norte;Colisão - Traseira;1;0;0;1;0;0;0;0;0;0;1;1;0;0;0
ECOPONTE;06/07/2020;16:36:00;77;sem vítima;329;BR-101/RJ;Norte;Colisão - Traseira;1;0;1;0;0;0;0;0;0;0;2;0;0;0;0
ECOPONTE;07/07/2020;10:05:00;20;sem vítima;332;BR-101/RJ;Norte;Engavetamento;0;0;4;0;0;0;0;0;0;0;9;0;0;0;0
ECOPONTE;09/07/2020;10:11:00;34;sem vítima;323;BR-101/RJ;Norte;Colisão - Traseira;1;0;1;0;0;0;0;0;0;0;2;0;0;0;0
ECOPONTE;11/07/2020;07:47:00;24;com vítima;333;BR-101/RJ;Norte;Engavetamento;4;0;0;0;0;0;0;0;0;1;0;7;0;0;0
ECOPONTE;11/07/2020;08:41:00;35;com vítima;331;BR-101/RJ;Norte;Colisão - Traseira;1;0;0;0;0;0;0;0;0;1;0;6;0;0;0
ECOPONTE;12/07/2020;04:03:00;9;com vítima;326,5;BR-101/RJ;Norte;Colisão - Traseira;2;0;0;0;0;0;0;0;0;0;0;2;1;0;0
ECOPONTE;12/07/2020;09:37:00;26;com vítima;327,5;BR-101/RJ;Norte;Colisão - Traseira;1;0;1;0;0;0;0;0;0;0;0;4;0;0;0
ECOPONTE;12/07/2020;17:08:00;59;com vítima;321;BR-101/RJ;Sul;Colisão - Traseira;1;0;0;1;0;0;0;0;0;0;1;2;0;0;0
ECOPONTE;12/07/2020;20:16:00;69;com vítima;330;BR-101/RJ;Norte;Colisão - Lateral;1;0;0;0;0;0;0;0;0;0;4;1;0;0;0
ECOPONTE;13/07/2020;18:14:00;67;com vítima;334;BR-101/RJ;Norte;Colisão - Lateral;1;0;1;0;0;0;0;0;0;0;1;1;0;0;0
ECOPONTE;14/07/2020;18:27:00;80;sem vítima;329,8;BR-101/RJ;Norte;Engavetamento;4;0;0;0;0;0;0;0;0;0;4;0;0;0;0
ECOPONTE;17/07/2020;07:04:00;16;sem vítima;327,5;BR-101/RJ;Norte;Choque com objeto sobre a pist;0;0;0;0;0;0;0;0;0;1;1;0;0;0;0
ECOPONTE;17/07/2020;12:07:00;46;com vítima;321;BR-101/RJ;Sul;Atropelamento Ciclista;1;1;0;0;0;0;0;0;0;0;1;0;1;0;0
ECOPONTE;17/07/2020;12:15:00;47;sem vítima;322,5;BR-101/RJ;Norte;Engavetamento;3;0;0;0;0;0;0;0;0;0;3;0;0;0;0
ECOPONTE;17/07/2020;17:59:00;86;sem vítima;331,5;BR-101/RJ;Sul;Choque veículo parado na pista;0;0;1;1;0;0;0;0;0;0;2;0;0;0;0
ECOPONTE;19/07/2020;06:04:00;9;sem vítima;324;BR-101/RJ;Norte;Choque veículo parado na pista;2;0;0;0;0;0;0;0;0;0;6;0;0;0;0
ECOPONTE;19/07/2020;19:32:00;58;sem vítima;334;BR-101/RJ;Sul;Colisão - Lateral;2;0;0;0;0;0;0;0;0;0;2;0;0;0;0
ECOPONTE;20/07/2020;07:10:00;30;sem vítima;321;BR-101/RJ;Sul;Colisão - Traseira;2;0;0;0;0;0;0;0;0;0;4;0;0;0;0
ECOPONTE;20/07/2020;15:57:00;91;sem vítima;322,5;BR-101/RJ;Norte;Colisão - Lateral;2;0;0;0;0;0;0;0;0;0;2;0;0;0;0
ECOPONTE;22/07/2020;10:42:00;30;com vítima;322;BR-101/RJ;Norte;Colisão - Lateral;0;0;1;1;0;0;0;0;0;0;1;1;0;0;0
ECOPONTE;22/07/2020;17:12:00;75;com vítima;321;BR-101/RJ;Norte;Colisão - Traseira;1;0;0;1;0;0;0;0;0;0;1;1;0;0;0
ECOPONTE;23/07/2020;16:11:00;67;com vítima;321;BR-101/RJ;Sul;Queda de moto;0;0;0;1;0;0;0;0;0;0;0;1;0;0;0
ECOPONTE;23/07/2020;16:22:00;68;sem vítima;323,7;BR-101/RJ;Norte;Colisão - Traseira;1;0;0;0;0;0;0;0;0;1;2;0;0;0;0
ECOPONTE;24/07/2020;18:59:00;115;com vítima;322;BR-101/RJ;Norte;Queda de moto;0;0;0;1;0;0;0;0;0;0;0;1;0;0;0
ECOPONTE;24/07/2020;23:47:00;158;com vítima;326,4;BR-101/RJ;Norte;Choque veículo parado na pista;4;0;0;0;0;0;0;0;0;0;0;10;0;0;0
ECOPONTE;29/07/2020;08:38:00;30;com vítima;322,5;BR-101/RJ;Sul;Colisão - Lateral;1;0;0;0;1;0;0;0;0;0;0;3;0;0;0
ECOPONTE;29/07/2020;15:23:00;85;sem vítima;323,5;BR-101/RJ;Norte;Colisão - Traseira;2;0;0;0;0;0;0;0;0;0;2;0;0;0;0
ECOPONTE;30/07/2020;17:57:00;87;sem vítima;326;BR-101/RJ;Norte;Colisão - Traseira;0;0;2;0;0;0;0;0;0;0;2;0;0;0;0
ECOPONTE;31/07/2020;08:06:00;15;com vítima;322,5;BR-101/RJ;Norte;Engavetamento;3;0;0;0;0;0;0;0;0;1;0;6;0;0;0
ECOPONTE;31/07/2020;20:15:00;97;com vítima;325,8;BR-101/RJ;Norte;Colisão - Traseira;0;0;0;1;0;0;0;0;0;1;1;1;0;0;0
ECOPONTE;01/03/2020;06:05:00;15;sem vítima;321;BR-101/RJ;Sul;Choque Defensa;1;0;0;0;0;0;0;0;0;0;1;0;0;0;0
ECOPONTE;01/03/2020;19:15:00;74;sem vítima;323,3;BR-101/RJ;Sul;Choque Defensa;1;0;0;0;0;0;0;0;0;0;4;0;0;0;0
ECOPONTE;03/03/2020;07:47:00;26;sem vítima;325;BR-101/RJ;Sul;Colisão - Traseira;2;0;0;0;0;0;0;0;0;0;2;0;0;0;0
ECOPONTE;03/03/2020;17:42:00;99;sem vítima;334;BR-101/RJ;Norte;Colisão - Traseira;1;0;0;0;0;1;0;0;0;0;2;0;0;0;0
ECOPONTE;04/03/2020;09:20:00;38;sem vítima;321;BR-101/RJ;Norte;Colisão - Traseira;2;0;0;0;0;0;0;0;0;0;2;0;0;0;0
ECOPONTE;04/03/2020;13:38:00;57;sem vítima;334;BR-101/RJ;Norte;Colisão - Lateral;1;0;1;0;0;0;0;0;0;0;1;0;0;0;0
ECOPONTE;04/03/2020;15:53:00;73;sem vítima;322,8;BR-101/RJ;Norte;Choque - Sinalização;1;0;0;0;0;0;0;0;0;0;1;0;0;0;0
ECOPONTE;04/03/2020;19:26:00;96;sem vítima;321;BR-101/RJ;Norte;Choque - Meio Fio;1;0;0;0;0;0;0;0;0;0;1;0;0;0;0
ECOPONTE;06/03/2020;03:00:00;9;com vítima;321;BR-101/RJ;Sul;Colisão - Lateral;1;0;0;0;0;0;0;0;0;0;0;2;0;0;0
ECOPONTE;07/03/2020;20:47:00;103;sem vítima;325;BR-101/RJ;Sul;Colisão - Traseira;2;0;0;0;0;0;0;0;0;0;3;0;0;0;0
ECOPONTE;08/03/2020;08:28:00;23;sem vítima;322,2;BR-101/RJ;Sul;Atropelamento de Animal;0;0;0;0;0;0;0;0;0;0;0;0;0;0;0