concessionaria;data;horario;n_da_ocorrencia;tipo_de_ocorrencia;km;trecho;sentido;tipo_de_acidente;automovel;bicicleta;caminhao;moto;onibus;outros;tracao_animal;transporte_de_cargas_especiais;trator_maquinas;utilitarios;ilesos;levemente_feridos;moderadamente_feridos;gravemente_feridos;mortos
ECOPONTE;10/03/2020;01:35:00;10;com vítima;322,3;BR-101/RJ;Sul;Colisão - Lateral;1;0;1;0;0;0;0;0;0;0;0;2;0;0;0
ECOPONTE;10/03/2020;18:38:00;109;com vítima;327,5;BR-101/RJ;Norte;Colisão - Traseira;2;0;0;1;0;0;0;0;0;0;1;2;0;0;0
ECOPONTE;11/03/2020;05:46:00;9;sem vítima;324,5;BR-101/RJ;Sul;Colisão - Traseira;1;0;0;0;1;0;0;0;0;0;2;0;0;0;0
ECOPONTE;11/03/2020;08:27:00;24;com vítima;334;BR-101/RJ;Sul;Colisão - Lateral;1;0;0;0;1;0;0;0;0;0;0;2;0;0;0
ECOPONTE;11/03/2020;13:45:00;53;com vítima;326,5;BR-101/RJ;Sul;Choque veículo parado na pista;1;0;0;1;0;0;0;0;0;0;0;5;0;0;0
ECOPONTE;13/03/2020;07:52:00;26;sem vítima;321;BR-101/RJ;Sul;Colisão - Traseira;1;0;0;2;0;0;0;0;0;0;4;0;0;0;0
ECOPONTE;13/03/2020;14:18:00;69;sem vítima;334;BR-101/RJ;Norte;Capotamento;2;0;0;0;0;0;0;0;0;0;2;0;0;0;0
ECOPONTE;13/03/2020;15:32:00;79;sem vítima;324;BR-101/RJ;Norte;Colisão - Traseira;0;0;0;1;0;0;0;0;0;1;4;0;0;0;0
ECOPONTE;13/03/2020;16:05:00;83;com vítima;334;BR-101/RJ;Norte;Engavetamento;4;0;0;0;0;0;0;0;0;1;9;1;0;0;0
ECOPONTE;13/03/2020;19:05:00;113;sem vítima;326,5;BR-101/RJ;Norte;Colisão - Traseira;2;0;0;0;0;0;0;0;0;0;2;0;0;0;0
ECOPONTE;16/03/2020;07:23:00;15;com vítima;326,5;BR-101/RJ;Sul;Queda de moto;0;0;0;1;0;0;0;0;0;0;0;2;0;0;0
ECOPONTE;16/03/2020;14:36:00;65;com vítima;324,9;BR-101/RJ;Sul;Choque veículo parado na pista;1;0;0;1;0;0;0;0;0;0;1;0;0;1;0
ECOPONTE;18/03/2020;01:43:00;5;sem vítima;322,3;BR-101/RJ;Norte;Choque Praça;0;0;2;0;0;0;0;0;0;0;1;0;0;0;0
ECOPONTE;20/03/2020;17:13:00;59;sem vítima;322,3;BR-101/RJ;Norte;Colisão - Lateral;1;0;0;1;0;0;0;0;0;0;2;0;0;0;0
ECOPONTE;21/03/2020;13:57:00;37;sem vítima;322,3;BR-101/RJ;Norte;Choque Praça;0;0;1;0;0;0;0;0;0;0;1;0;0;0;0
ECOPONTE;21/03/2020;15:36:00;42;com vítima;322,8;BR-101/RJ;Sul;Choque - Meio Fio;1;0;0;0;0;0;0;0;0;0;0;2;0;0;0
ECOPONTE;26/03/2020;17:13:00;49;sem vítima;326,4;BR-101/RJ;Sul;Choque veículo parado na pista;1;0;1;0;0;0;0;0;0;0;2;0;0;0;0
ECOPONTE;26/03/2020;17:17:00;50;com vítima;326,5;BR-101/RJ;Sul;Choque veículo parado na pista;1;0;0;1;0;0;0;0;0;0;1;1;0;0;0
ECOPONTE;26/03/2020;17:41:00;52;com vítima;333;BR-101/RJ;Norte;Choque veículo parado na pista;1;0;0;0;0;0;0;0;0;1;1;0;1;0;0
ECOPONTE;28/03/2020;19:52:00;51;sem vítima;322;BR-101/RJ;Norte;Colisão - Traseira;2;0;0;0;0;0;0;0;0;0;2;0;0;0;0
ECOPONTE;01/08/2020;03:52:00;17;AC03 - Acidente sem VITIMA;322;Acessos Niterói;Norte;Choque - Poste;1;0;0;0;0;0;0;0;0;0;1;0;0;0;0
ECOPONTE;01/08/2020;19:20:00;88;AC03 - Acidente sem VITIMA;326,3;Subida do Vão Central;Sul;Choque com objeto sobre a pist;1;0;0;0;0;0;0;0;0;0;1;0;0;0;0
ECOPONTE;01/08/2020;22:57:00;99;AC02 - Acidente com VITIMA;324,4;Mocangue;Norte;Choque Defensa;1;0;0;0;0;0;0;0;0;0;0;0;2;0;0
ECOPONTE;03/08/2020;08:33:00;24;AC02 - Acidente com VITIMA;321;Acessos Niterói;Sul;Colisão - Traseira;1;0;0;1;0;0;0;0;0;0;1;1;0;0;0
ECOPONTE;03/08/2020;09:36:00;28;AC03 - Acidente sem VITIMA;323,5;Cajú;Norte;Engavetamento;1;0;1;0;0;0;0;0;0;1;3;0;0;0;0
ECOPONTE;03/08/2020;10:01:00;34;AC03 - Acidente sem VITIMA;324;Cajú;Norte;Colisão - Traseira;2;0;0;0;0;0;0;0;0;0;2;0;0;0;0
ECOPONTE;04/08/2020;15:49:00;63;AC02 - Acidente com VITIMA;325,9;Descida do Vão Central;Norte;Colisão - Traseira;2;0;0;0;0;0;0;0;0;0;0;3;0;0;0
ECOPONTE;05/08/2020;18:11:00;80;AC02 - Acidente com VITIMA;334;Emergência I;Sul;Queda de moto;0;0;0;1;0;0;0;0;0;0;0;1;0;0;0
ECOPONTE;06/08/2020;11:50:00;35;AC02 - Acidente com VITIMA;322,5;Acessos Niterói;Norte;Colisão - Lateral;1;0;0;1;0;0;0;0;0;0;1;1;0;0;0
ECOPONTE;06/08/2020;17:54:00;88;AC03 - Acidente sem VITIMA;334;Emergência I;Norte;Colisão - Lateral;1;0;1;0;0;0;0;0;0;0;2;0;0;0;0
ECOPONTE;07/08/2020;19:31:00;96;AC02 - Acidente com VITIMA;331,8;Curvão;Sul;Colisão - Traseira;1;0;1;0;0;0;0;0;0;0;0;2;0;0;0
ECOPONTE;08/08/2020;12:43:00;58;AC02 - Acidente com VITIMA;334;Emergência I;Sul;Queda de moto;0;0;0;1;0;0;0;0;0;0;0;0;1;0;0
ECOPONTE;09/08/2020;04:19:00;10;AC02 - Acidente com VITIMA;328;Subida do Vão Central;Norte;Colisão - Traseira;1;0;0;1;0;0;0;0;0;0;1;1;0;0;0
ECOPONTE;09/08/2020;22:34:00;91;AC02 - Acidente com VITIMA;334;Emergência I;Norte;Colisão - Lateral;1;0;0;1;0;0;0;0;0;0;0;1;1;0;0
ECOPONTE;10/08/2020;18:40:00;106;AC02 - Acidente com VITIMA;325;Descida do Vão Central;Norte;Queda de moto;0;0;0;1;0;0;0;0;0;0;0;1;0;0;0
ECOPONTE;11/08/2020;20:09:00;116;AC02 - Acidente com VITIMA;331,5;Curvão;Sul;Colisão - Traseira;1;0;0;1;0;0;0;0;0;0;1;1;0;0;0
ECOPONTE;12/08/2020;08:14:00;33;AC03 - Acidente sem VITIMA;334;Emergência I;Sul;Colisão - Traseira;2;0;0;0;0;0;0;0;0;0;2;0;0;0;0
ECOPONTE;12/08/2020;12:41:00;54;AC03 - Acidente sem VITIMA;322,3;Acessos Niterói;Norte;Engavetamento;4;0;0;0;0;0;0;0;0;0;4;0;0;0;0
ECOPONTE;12/08/2020;15:06:00;70;AC02 - Acidente com VITIMA;332;Curvão;Sul;Colisão - Lateral;0;0;0;1;0;0;0;0;0;0;0;1;0;0;0
ECOPONTE;13/08/2020;10:10:00;33;AC02 - Acidente com VITIMA;327,5;Subida do Vão Central;Norte;Choque Defensa;1;0;0;0;0;0;0;0;0;0;0;0;0;1;0
ECOPONTE;13/08/2020;16:00:00;74;AC03 - Acidente sem VITIMA;326;Descida do Vão Central;Norte;Engavetamento;3;0;0;0;0;0;0;0;0;0;3;0;0;0;0
ECOPONTE;14/08/2020;19:17:00;108;AC03 - Acidente sem VITIMA;324,1;Cajú;Norte;Colisão - Traseira;2;0;0;0;0;0;0;0;0;0;2;0;0;0;0
ECOPONTE;15/08/2020;11:22:00;61;AC02 - Acidente com VITIMA;330,1;Retão;Norte;Queda de moto;0;0;0;1;0;0;0;0;0;0;0;2;0;0;0
ECOPONTE;15/08/2020;12:24:00;73;AC03 - Acidente sem VITIMA;326,5;Vão Central;Norte;Colisão - Lateral;1;0;1;0;0;0;0;0;0;0;2;0;0;0;0
ECOPONTE;16/08/2020;00:42:00;1;AC03 - Acidente sem VITIMA;334;Emergência I;Sul;Choque - Meio Fio;1;0;0;0;0;0;0;0;0;0;1;0;0;0;0
ECOPONTE;17/08/2020;06:06:00;6;AC02 - Acidente com VITIMA;334;Emergência I;Sul;Colisão - Traseira;0;0;0;1;0;0;0;0;0;0;0;1;0;0;0
ECOPONTE;18/08/2020;10:09:00;27;AC03 - Acidente sem VITIMA;329;Retão;Sul;Colisão - Lateral;2;0;0;0;0;0;0;0;0;0;2;0;0;0;0
ECOPONTE;18/08/2020;20:48:00;78;AC03 - Acidente sem VITIMA;322,3;Acessos Niterói;Norte;Colisão - Traseira;1;0;2;0;0;0;0;0;0;0;2;0;0;0;0
ECOPONTE;21/08/2020;08:49:00;26;AC02 - Acidente com VITIMA;331;Retão;Sul;Engavetamento;2;0;0;0;0;0;0;0;0;1;3;1;0;0;0
ECOPONTE;21/08/2020;15:50:00;74;AC02 - Acidente com VITIMA;325;Descida do Vão Central;Norte;Queda de moto;0;0;0;1;0;0;0;0;0;0;1;1;0;0;0
ECOPONTE;22/08/2020;04:24:00;6;AC02 - Acidente com VITIMA;326;Descida do Vão Central;Norte;Choque Defensa;1;0;0;0;0;0;0;0;0;0;0;1;0;0;0
ECOPONTE;22/08/2020;06:00:00;11;AC02 - Acidente com VITIMA;332;Curvão;Sul;Choque Defensa;1;0;0;0;0;0;0;0;0;0;0;1;0;0;0
ECOPONTE;22/08/2020;21:04:00;93;AC02 - Acidente com VITIMA;333,5;Emergência I;Norte;Engavetamento;3;0;0;0;0;0;0;0;0;0;6;0;0;4;0
ECOPONTE;23/08/2020;07:15:00;9;AC03 - Acidente sem VITIMA;333,5;Emergência I;Norte;Queda de moto;0;0;0;1;0;0;0;0;0;0;1;0;0;0;0
ECOPONTE;23/08/2020;09:58:00;24;AC03 - Acidente sem VITIMA;322,5;Acessos Niterói;Norte;Colisão - Traseira;1;0;0;0;0;0;0;0;0;1;2;0;0;0;0
ECOPONTE;24/08/2020;05:45:00;6;AC02 - Acidente com VITIMA;321;Acessos Niterói;Sul;Colisão - Lateral;1;0;2;0;0;0;0;0;0;0;1;1;0;0;0
ECOPONTE;24/08/2020;09:35:00;19;AC02 - Acidente com VITIMA;326,4;Vão Central;Sul;Colisão - Lateral;1;0;0;1;0;0;0;0;0;0;1;0;1;0;0
ECOPONTE;25/08/2020;11:02:00;45;AC02 - Acidente com VITIMA;323,1;Cajú;Norte;Engavetamento;4;0;0;0;0;0;0;0;0;0;3;1;0;0;0
ECOPONTE;25/08/2020;14:07:00;60;AC02 - Acidente com VITIMA;328,5;Descida do Vão Central;Sul;Capotamento;1;0;1;0;0;0;0;0;0;0;1;0;2;0;0
ECOPONTE;26/08/2020;16:47:00;86;AC02 - Acidente com VITIMA;325;Descida do Vão Central;Norte;Colisão - Traseira;2;0;0;0;0;0;0;0;0;0;0;4;0;0;0
ECOPONTE;26/08/2020;16:54:00;87;AC02 - Acidente com VITIMA;324,5;Mocangue;Sul;Colisão - Traseira;2;0;0;0;0;0;0;0;0;0;2;2;0;0;0
ECOPONTE;29/08/2020;06:10:00;21;AC02 - Acidente com VITIMA;323,5;Cajú;Sul;Queda de moto;0;0;0;1;0;0;0;0;0;0;0;0;1;0;0
ECOPONTE;29/08/2020;23:28:00;140;AC02 - Acidente com VITIMA;332;Curvão;Norte;Queda de moto;0;0;0;1;0;0;0;0;0;0;0;2;0;0;0
ECOPONTE;01/09/2020;12:59:00;46;AC03 - Acidente sem VITIMA;321;Acessos Niterói;Sul;Colisão - Traseira;2;0;0;0;0;0;0;0;0;0;2;0;0;0;0
ECOPONTE;02/09/2020;06:32:00;14;AC02 - Acidente com VITIMA;322,5;Acessos Niterói;Sul;Colisão - Traseira;0;0;0;1;0;0;0;0;0;1;2;1;0;0;0
ECOPONTE;02/09/2020;07:07:00;17;AC02 - Acidente com VITIMA;333,5;Emergência I;Sul;Colisão - Traseira;0;0;2;1;0;0;0;0;0;0;1;1;0;0;0
ECOPONTE;02/09/2020;08:14:00;22;AC03 - Acidente sem VITIMA;333,1;Emergência I;Norte;Colisão - Lateral;1;0;2;0;0;0;0;0;0;0;2;0;0;0;0
ECOPONTE;02/09/2020;15:22:00;53;AC02 - Acidente com VITIMA;329,5;Retão;Sul;Choque veículo parado na pista;2;0;0;1;0;0;0;0;0;0;0;2;2;0;0
ECOPONTE;02/09/2020;17:41:00;78;AC02 - Acidente com VITIMA;321;Acessos Niterói;Norte;Colisão - Lateral;1;0;1;0;0;0;0;0;0;0;1;1;0;0;0
ECOPONTE;03/09/2020;00:56:00;3;AC02 - Acidente com VITIMA;330,4;Retão;Sul;Colisão - Lateral;1;0;0;1;0;0;0;0;0;0;0;0;1;0;0
ECOPONTE;03/09/2020;18:03:00;91;AC03 - Acidente sem VITIMA;322,5;Acessos Niterói;Sul;Colisão - Lateral;2;0;0;0;0;0;0;0;0;0;2;0;0;0;0
ECOPONTE;04/09/2020;09:17:00;35;AC02 - Acidente com VITIMA;323;Cajú;Norte;Colisão - Lateral;1;0;0;1;0;0;0;0;0;0;0;2;0;0;0
ECOPONTE;04/09/2020;14:46:00;95;AC02 - Acidente com VITIMA;332;Curvão;Norte;Choque veículo parado na pista;2;0;0;0;0;0;0;0;0;0;0;2;0;0;0
ECOPONTE;04/09/2020;20:25:00;147;AC03 - Acidente sem VITIMA;331,5;Curvão;Norte;Colisão - Traseira;1;0;0;0;0;0;0;0;0;1;2;0;0;0;0
ECOPONTE;04/09/2020;20:48:00;151;AC02 - Acidente com VITIMA;325;Descida do Vão Central;Norte;Colisão - Traseira;2;0;0;0;0;0;0;0;0;0;0;2;0;0;0
ECOPONTE;04/09/2020;21:34:00;158;AC03 - Acidente sem VITIMA;322,3;Acessos Niterói;Norte;Choque Defensa;0;0;0;0;0;0;0;0;0;0;1;0;0;0;0
ECOPONTE;05/09/2020;10:09:00;64;AC03 - Acidente sem VITIMA;332;Curvão;Norte;Colisão - Traseira;2;0;0;0;0;0;0;0;0;0;2;0;0;0;0
ECOPONTE;05/09/2020;16:45:00;126;AC02 - Acidente com VITIMA;330;Retão;Norte;Choque veículo parado na pista;4;0;0;0;0;0;0;0;0;0;0;4;0;0;0
ECOPONTE;06/09/2020;21:13:00;73;AC02 - Acidente com VITIMA;321;Acessos Niterói;Sul;Colisão - Traseira;2;0;0;0;0;0;0;0;0;0;0;3;0;0;0
ECOPONTE;08/09/2020;18:06:00;98;AC02 - Acidente com VITIMA;323;Cajú;Norte;Colisão - Traseira;1;0;0;0;0;0;0;0;0;1;0;1;0;0;0
ECOPONTE;09/09/2020;17:31:00;106;AC02 - Acidente com VITIMA;324;Cajú;Norte;Colisão - Lateral;1;0;0;1;0;0;0;0;0;0;0;4;0;0;0
ECOPONTE;09/09/2020;18:57:00;116;AC03 - Acidente sem VITIMA;332;Curvão;Norte;Colisão - Lateral;2;0;0;0;0;0;0;0;0;0;2;0;0;0;0
ECOPONTE;10/09/2020;20:07:00;92;AC03 - Acidente sem VITIMA;321;Acessos Niterói;Norte;Colisão - Lateral;1;0;1;0;0;0;0;0;0;0;2;0;0;0;0
ECOPONTE;11/09/2020;11:34:00;39;AC02 - Acidente com VITIMA;323,8;Cajú;Norte;Colisão - Lateral;1;0;0;1;0;0;0;0;0;0;1;1;0;0;0
ECOPONTE;11/09/2020;13:42:00;54;AC03 - Acidente sem VITIMA;325;Descida do Vão Central;Norte;Colisão - Traseira;2;0;0;0;0;0;0;0;0;0;2;0;0;0;0
ECOPONTE;13/09/2020;16:18:00;49;AC03 - Acidente sem VITIMA;323,9;Cajú;Norte;Choque - Meio Fio;1;0;0;0;0;0;0;0;0;0;1;0;0;0;0
ECOPONTE;14/09/2020;12:06:00;54;AC03 - Acidente sem VITIMA;324;Cajú;Sul;Choque veículo parado na pista;0;0;0;1;0;0;0;0;0;1;2;0;0;0;0
ECOPONTE;14/09/2020;19:30:00;120;AC02 - Acidente com VITIMA;324;Cajú;Norte;Colisão - Traseira;1;0;0;1;0;0;0;0;0;0;1;1;0;0;0
ECOPONTE;15/09/2020;07:52:00;21;AC03 - Acidente sem VITIMA;326;Subida do Vão Central;Sul;Colisão - Traseira;1;0;0;0;0;0;0;0;0;1;1;0;0;0;0
ECOPONTE;16/09/2020;16:41:00;74;AC02 - Acidente com VITIMA;334;Emergência I;Norte;Colisão - Lateral;1;0;1;0;0;0;0;0;0;0;0;1;0;0;0
ECOPONTE;18/09/2020;07:39:00;31;AC02 - Acidente com VITIMA;324;Cajú;Norte;Capotamento;1;0;1;0;0;0;0;0;0;0;1;1;0;0;0
ECOPONTE;19/09/2020;07:23:00;18;AC03 - Acidente sem VITIMA;322,3;Acessos Niterói;Norte;Colisão - Lateral;1;0;1;0;0;0;0;0;0;0;2;0;0;0;0
ECOPONTE;20/09/2020;02:32:00;8;AC03 - Acidente sem VITIMA;321;Acessos Niterói;Norte;Choque - Sinalização;1;0;0;0;0;0;0;0;0;0;1;0;0;0;0
ECOPONTE;23/09/2020;17:34:00;89;AC03 - Acidente sem VITIMA;325;Descida do Vão Central;Norte;Colisão - Lateral;1;0;0;0;1;0;0;0;0;0;4;0;0;0;0
ECOPONTE;23/09/2020;18:33:00;98;AC03 - Acidente sem VITIMA;333,5;Emergência I;Norte;Colisão - Lateral;1;0;1;0;0;0;0;0;0;0;2;0;0;0;0
ECOPONTE;24/09/2020;16:21:00;68;AC02 - Acidente com VITIMA;327;Descida do Vão Central;Sul;Colisão - Lateral;1;0;0;1;0;0;0;0;0;0;0;1;0;0;0
ECOPONTE;25/09/2020;05:48:00;9;AC02 - Acidente com VITIMA;330,5;Retão;Norte;Choque veículo parado na pista;2;0;0;0;0;0;0;0;0;0;0;2;1;0;0
ECOPONTE;25/09/2020;14:39:00;69;AC03 - Acidente sem VITIMA;324,4;Mocangue;Norte;Colisão - Traseira;2;0;0;0;0;0;0;0;0;0;1;0;0;0;0
ECOPONTE;26/09/2020;14:27:00;64;AC02 - Acidente com VITIMA;327,1;Subida do Vão Central;Norte;Colisão - Traseira;1;0;0;0;0;0;0;0;0;1;4;1;0;0;0
ECOPONTE;28/09/2020;02:21:00;5;AC02 - Acidente com VITIMA;334;Emergência I;Sul;Choque Defensa;1;0;0;0;0;0;0;0;0;0;0;1;0;0;0
ECOPONTE;28/09/2020;08:28:00;32;AC02 - Acidente com VITIMA;325;Subida do Vão Central;Sul;Engavetamento;2;0;0;1;1;0;0;0;0;1;3;1;0;0;0
ECOPONTE;28/09/2020;12:46:00;59;AC03 - Acidente sem VITIMA;324;Cajú;Norte;Colisão - Traseira;1;0;0;0;0;0;0;0;0;1;2;0;0;0;0
ECOPONTE;28/09/2020;17:25:00;105;AC02 - Acidente com VITIMA;323;Cajú;Sul;Queda de moto;0;0;0;1;0;0;0;0;0;0;0;1;0;0;0
ECOPONTE;28/09/2020;19:39:00;122;AC03 - Acidente sem VITIMA;329,2;Retão;Sul;Choque veículo parado na pista;2;0;0;0;0;0;0;0;0;0;2;0;0;0;0
ECOPONTE;28/09/2020;22:20:00;137;AC03 - Acidente sem VITIMA;321;Acessos Niterói;Sul;Queda de moto;0;0;0;1;0;1;0;0;0;0;2;0;0;0;0
ECOPONTE;30/09/2020;17:00:00;96;AC02 - Acidente com VITIMA;322,8;Praça de Pedágio;Norte;Queda de moto;0;0;0;1;0;0;0;0;0;0;0;1;0;0;0
ECOPONTE;01/10/2020;11:15:00;39;AC02 - Acidente com VITIMA;325;Descida do Vão Central;Norte;Colisão - Lateral;1;0;1;1;0;0;0;0;0;0;0;8;0;0;0
ECOPONTE;01/10/2020;12:27:00;48;AC03 - Acidente sem VITIMA;330;Retão;Sul;Choque veículo parado na pista;0;0;2;0;0;0;0;0;0;0;2;0;0;0;0
ECOPONTE;01/10/2020;12:29:00;49;AC03 - Acidente sem VITIMA;329;Retão;Sul;Engavetamento;3;0;0;0;0;0;0;0;0;0;3;0;0;0;0
ECOPONTE;02/10/2020;16:36:00;131;AC02 - Acidente com VITIMA;334;Emergência I;Norte;Colisão - Lateral;2;0;0;2;0;0;0;0;0;0;0;4;0;0;0
ECOPONTE;03/10/2020;16:43:00;72;AC02 - Acidente com VITIMA;326;Descida do Vão Central;Norte;Colisão - Lateral;2;0;0;0;0;0;0;0;0;0;1;0;1;0;0
ECOPONTE;03/10/2020;22:11:00;96;AC02 - Acidente com VITIMA;322,8;Praça de Pedágio;Norte;Colisão - Traseira;2;0;0;0;0;0;0;0;0;0;0;4;0;0;0
ECOPONTE;03/10/2020;22:41:00;100;AC03 - Acidente sem VITIMA;326,7;Vão Central;Norte;Choque veículo parado na pista;2;0;0;0;0;0;0;0;0;0;3;0;0;0;0
ECOPONTE;04/10/2020;10:32:00;29;AC02 - Acidente com VITIMA;325;Descida do Vão Central;Norte;Queda de moto;0;0;0;1;0;0;0;0;0;0;0;0;1;0;0
ECOPONTE;05/10/2020;04:08:00;7;AC03 - Acidente sem VITIMA;326,5;Vão Central;Norte;Queda de moto;0;0;0;1;0;0;0;0;0;0;1;0;0;0;0
ECOPONTE;05/10/2020;09:19:00;29;AC03 - Acidente sem VITIMA;324,7;Descida do Vão Central;Norte;Choque com objeto sobre a pist;1;0;0;0;0;0;0;0;0;0;1;0;0;0;0
ECOPONTE;05/10/2020;12:27:00;49;AC03 - Acidente sem VITIMA;331,5;Curvão;Norte;Colisão - Traseira;1;0;1;0;0;0;0;0;0;0;2;0;0;0;0
ECOPONTE;05/10/2020;13:53:00;61;AC03 - Acidente sem VITIMA;326,5;Vão Central;Norte;Colisão - Traseira;2;0;0;0;0;0;0;0;0;0;1;0;0;0;0
ECOPONTE;05/10/2020;14:42:00;64;AC02 - Acidente com VITIMA;323,2;Cajú;Norte;Engavetamento;9;0;1;0;0;0;0;0;0;0;0;17;0;0;0
ECOPONTE;06/10/2020;19:27:00;122;AC03 - Acidente sem VITIMA;323;Cajú;Norte;Engavetamento;3;0;0;0;0;0;0;0;0;0;3;0;0;0;0
ECOPONTE;06/10/2020;21:03:00;130;AC02 - Acidente com VITIMA;326,4;Vão Central;Sul;Colisão - Traseira;0;0;0;2;0;0;0;0;0;0;0;0;2;0;0
ECOPONTE;07/10/2020;15:57:00;71;AC02 - Acidente com VITIMA;327;Subida do Vão Central;Norte;Choque veículo parado na pista;0;0;2;1;0;0;0;0;0;0;1;0;0;1;0
ECOPONTE;08/10/2020;08:27:00;27;AC03 - Acidente sem VITIMA;324,5;Mocangue;Sul;Queda de moto;0;0;0;1;0;0;0;0;0;0;2;0;0;0;0
ECOPONTE;08/10/2020;18:27:00;107;AC02 - Acidente com VITIMA;333,5;Emergência I;Norte;Colisão - Traseira;1;0;0;1;0;0;0;0;0;0;1;1;0;0;0
ECOPONTE;09/10/2020;05:32:00;8;AC03 - Acidente sem VITIMA;328,4;Descida do Vão Central;Sul;Choque Defensa;1;0;0;0;0;0;0;0;0;0;1;0;0;0;0
ECOPONTE;09/10/2020;12:04:00;45;AC02 - Acidente com VITIMA;323,9;Cajú;Sul;Colisão - Traseira;2;0;0;0;0;0;0;0;0;0;2;1;0;0;0
ECOPONTE;09/10/2020;13:58:00;66;AC03 - Acidente sem VITIMA;325,5;Descida do Vão Central;Norte;Colisão - Traseira;1;0;0;1;0;0;0;0;0;0;3;0;0;0;0
ECOPONTE;09/10/2020;18:05:00;95;AC02 - Acidente com VITIMA;333;Emergência II;Norte;Colisão - Traseira;2;0;1;0;0;0;0;0;0;0;0;4;0;0;0
ECOPONTE;10/10/2020;11:52:00;38;AC02 - Acidente com VITIMA;331,5;Curvão;Norte;Capotamento;1;0;0;0;0;0;0;0;0;0;0;1;0;0;0
ECOPONTE;10/10/2020;16:16:00;66;AC02 - Acidente com VITIMA;333,1;Emergência I;Norte;Colisão - Lateral;2;0;0;1;0;0;0;0;0;0;2;1;0;0;0
ECOPONTE;11/10/2020;06:48:00;10;AC02 - Acidente com VITIMA;321;Acessos Niterói;Sul;Queda de moto;0;0;0;1;0;0;0;0;0;0;0;1;0;0;0
ECOPONTE;12/10/2020;10:03:00;26;AC02 - Acidente com VITIMA;330;Retão;Norte;Choque veículo parado na pista;2;0;0;0;0;0;0;0;0;1;0;2;1;0;0
ECOPONTE;13/10/2020;16:23:00;87;AC03 - Acidente sem VITIMA;327;Subida do Vão Central;Norte;Colisão - Traseira;2;0;0;0;0;0;0;0;0;0;1;0;0;0;0
ECOPONTE;13/10/2020;19:04:00;107;AC02 - Acidente com VITIMA;334;Emergência I;Norte;Colisão - Traseira;0;0;0;1;0;0;0;0;0;0;0;2;0;0;0
ECOPONTE;14/10/2020;12:58:00;47;AC03 - Acidente sem VITIMA;324,8;Descida do Vão Central;Norte;Colisão - Traseira;2;0;0;0;0;0;0;0;0;0;2;0;0;0;0
ECOPONTE;14/10/2020;13:02:00;48;AC02 - Acidente com VITIMA;324;Cajú;Norte;Colisão - Traseira;2;0;0;1;0;0;0;0;0;0;2;1;0;0;0
ECOPONTE;14/10/2020;16:30:00;75;AC03 - Acidente sem VITIMA;328,5;Subida do Vão Central;Norte;Choque veículo parado na pista;2;0;0;0;0;0;0;0;0;0;3;0;0;0;0
ECOPONTE;15/10/2020;13:08:00;46;AC03 - Acidente sem VITIMA;322;Acessos Niterói;Norte;Colisão - Lateral;1;0;1;0;0;0;0;0;0;0;2;0;0;0;0