concessionaria;data;horario;n_da_ocorrencia;tipo_de_ocorrencia;km;trecho;sentido;tipo_de_acidente;automovel;bicicleta;caminhao;moto;onibus;outros;tracao_animal;transporte_de_cargas_especiais;trator_maquinas;utilitarios;ilesos;levemente_feridos;moderadamente_feridos;gravemente_feridos;mortos
ECOPONTE;20/01/2021;07:04:00;13;AC02 - Acidente com VITIMA;321,9;Acessos Niterói;Norte;Colisão - Lateral;0;0;1;1;0;0;0;0;0;0;1;1;0;0;0
ECOPONTE;20/01/2021;14:53:00;70;AC02 - Acidente com VITIMA;323,2;Cajú;Norte;Queda de moto;0;0;0;1;0;0;0;0;0;0;0;2;0;0;0
ECOPONTE;21/01/2021;07:53:00;27;AC02 - Acidente com VITIMA;323,7;Cajú;Sul;Engavetamento;2;0;0;2;0;0;0;0;0;0;2;3;0;0;0
ECOPONTE;21/01/2021;12:20:00;63;AC03 - Acidente sem VITIMA;322,8;Praça de Pedágio;Norte;Engavetamento;1;0;0;0;0;0;0;0;0;2;3;0;0;0;0
ECOPONTE;21/01/2021;16:18:00;100;AC02 - Acidente com VITIMA;330,6;Retão;Norte;Colisão - Traseira;1;0;0;1;0;0;0;0;0;1;1;1;0;0;0
ECOPONTE;22/01/2021;22:45:00;134;AC02 - Acidente com VITIMA;321;Acessos Niterói;Sul;Colisão - Lateral;0;0;1;1;0;0;0;0;0;0;1;1;0;0;0
ECOPONTE;23/01/2021;18:11:00;87;AC03 - Acidente sem VITIMA;331,9;Curvão;Norte;Colisão - Traseira;1;0;0;0;0;0;0;0;0;1;2;0;0;0;0
ECOPONTE;27/01/2021;14:51:00;67;AC02 - Acidente com VITIMA;328,3;Descida do Vão Central;Sul;Colisão - Traseira;1;0;0;1;0;0;0;0;0;0;1;1;0;0;0
ECOPONTE;27/01/2021;18:17:00;94;AC02 - Acidente com VITIMA;333,4;Emergência I;Norte;Queda de moto;0;0;0;1;0;0;0;0;0;0;0;2;0;0;0
ECOPONTE;28/01/2021;22:26:00;111;AC03 - Acidente sem VITIMA;321,9;Acessos Niterói;Norte;Colisão - Traseira;0;0;2;0;0;0;0;0;0;0;2;0;0;0;0
ECOPONTE;29/01/2021;10:00:00;26;AC03 - Acidente sem VITIMA;323,7;Cajú;Norte;Colisão - Traseira;1;0;0;0;0;0;0;0;0;1;2;0;0;0;0
ECOPONTE;29/01/2021;13:35:00;46;AC02 - Acidente com VITIMA;321;Acessos Niterói;Sul;Colisão - Lateral;2;0;0;0;0;0;0;0;0;0;0;3;0;0;0
ECOPONTE;30/01/2021;07:46:00;36;AC03 - Acidente sem VITIMA;323,3;Cajú;Norte;Engavetamento;3;0;0;0;0;0;0;0;0;1;4;0;0;0;0
ECOPONTE;31/01/2021;06:20:00;13;AC03 - Acidente sem VITIMA;323,8;Cajú;Norte;Colisão - Traseira;2;0;0;0;0;0;0;0;0;0;2;0;0;0;0
ECOPONTE;31/01/2021;18:31:00;78;AC02 - Acidente com VITIMA;321,9;Acessos Niterói;Norte;Engavetamento;2;0;1;0;0;0;0;0;0;0;0;8;0;0;0
ECOPONTE;02/02/2021;04:27:00;10;AC03 - Acidente sem VITIMA;332,4;Emergência II;Sul;Colisão - Lateral;0;0;2;0;0;0;0;0;0;0;2;0;0;0;0
ECOPONTE;02/02/2021;17:48:00;81;AC02 - Acidente com VITIMA;321,9;Acessos Niterói;Sul;Colisão - Lateral;2;0;0;0;0;0;0;0;0;0;0;2;0;0;0
ECOPONTE;02/02/2021;20:15:00;95;AC02 - Acidente com VITIMA;322,1;Acessos Niterói;Norte;Colisão - Traseira;1;0;1;0;0;0;0;0;0;0;0;4;0;0;0
ECOPONTE;03/02/2021;09:04:00;21;AC03 - Acidente sem VITIMA;333,3;Emergência I;Norte;Choque - Poste;1;0;0;0;0;0;0;0;0;0;1;0;0;0;0
ECOPONTE;04/02/2021;13:32:00;67;AC03 - Acidente sem VITIMA;329,4;Retão;Sul;Colisão - Traseira;2;0;0;0;0;0;0;0;0;0;2;0;0;0;0
ECOPONTE;05/02/2021;10:20:00;47;AC02 - Acidente com VITIMA;323,3;Cajú;Sul;Colisão - Lateral;2;0;0;0;0;0;0;0;0;1;3;1;0;0;0
ECOPONTE;06/02/2021;09:06:00;25;AC02 - Acidente com VITIMA;333,6;Emergência I;Sul;Colisão - Lateral;2;0;0;0;0;0;0;0;0;0;0;3;0;0;0
ECOPONTE;06/02/2021;09:49:00;34;AC02 - Acidente com VITIMA;322,4;Acessos Niterói;Sul;Colisão - Lateral;0;0;0;1;1;0;0;0;0;0;1;1;0;0;0
ECOPONTE;06/02/2021;14:26:00;64;AC03 - Acidente sem VITIMA;322,4;Acessos Niterói;Sul;Colisão - Lateral;2;0;0;0;0;0;0;0;0;0;2;0;0;0;0
ECOPONTE;06/02/2021;16:58:00;80;AC02 - Acidente com VITIMA;322,4;Acessos Niterói;Norte;Engavetamento;3;0;0;0;0;0;0;0;0;0;0;8;0;0;0
ECOPONTE;07/02/2021;12:27:00;36;AC02 - Acidente com VITIMA;321;Acessos Niterói;Sul;Colisão - Lateral;2;0;0;0;0;0;0;0;0;1;0;7;0;0;0
ECOPONTE;08/02/2021;10:04:00;32;AC02 - Acidente com VITIMA;329,2;Retão;Sul;Choque veículo parado na pista;1;0;1;0;0;0;0;0;0;0;0;3;0;0;0
ECOPONTE;08/02/2021;17:45:00;79;AC03 - Acidente sem VITIMA;321,9;Acessos Niterói;Norte;Choque Praça;0;0;2;0;0;0;0;0;0;0;1;0;0;0;0
ECOPONTE;11/02/2021;01:42:00;5;AC03 - Acidente sem VITIMA;325,2;Descida do Vão Central;Norte;Choque Defensa;1;0;0;0;0;0;0;0;0;0;1;0;0;0;0
ECOPONTE;11/02/2021;22:02:00;135;AC03 - Acidente sem VITIMA;322,4;Acessos Niterói;Norte;Colisão - Traseira;2;0;0;0;0;0;0;0;0;0;2;0;0;0;0
ECOPONTE;11/02/2021;23:30:00;140;AC03 - Acidente sem VITIMA;332,6;Emergência II;Sul;Colisão - Traseira;2;0;0;0;0;0;0;0;0;0;2;0;0;0;0
ECOPONTE;14/02/2021;09:57:00;31;AC03 - Acidente sem VITIMA;322,4;Acessos Niterói;Norte;Choque - Meio Fio;1;0;0;0;0;0;0;0;0;0;5;0;0;0;0
ECOPONTE;14/02/2021;20:57:00;96;AC03 - Acidente sem VITIMA;329,5;Retão;Sul;Choque Defensa;1;0;0;0;0;0;0;0;0;0;2;0;0;0;0
ECOPONTE;15/02/2021;21:20:00;94;AC03 - Acidente sem VITIMA;321;Acessos Niterói;Norte;Queda de moto;1;0;0;1;0;0;0;0;0;0;2;0;0;0;0
ECOPONTE;17/02/2021;06:38:00;9;AC02 - Acidente com VITIMA;323,7;Cajú;Sul;Choque veículo parado na pista;1;0;0;1;0;0;0;0;0;0;0;5;0;0;0
ECOPONTE;17/02/2021;09:07:00;25;AC02 - Acidente com VITIMA;327;Subida do Vão Central;Norte;Choque veículo parado na pista;1;0;2;0;0;0;0;0;0;0;1;0;1;0;0
ECOPONTE;18/02/2021;17:04:00;92;AC03 - Acidente sem VITIMA;332,6;Emergência II;Sul;Colisão - Traseira;4;0;0;0;0;0;0;0;0;0;4;0;0;0;0
ECOPONTE;19/02/2021;10:52:00;42;AC02 - Acidente com VITIMA;326,7;Vão Central;Norte;Colisão - Traseira;0;0;1;0;1;0;0;0;0;0;1;1;0;0;0
ECOPONTE;19/02/2021;18:40:00;114;AC03 - Acidente sem VITIMA;328,3;Subida do Vão Central;Norte;Colisão - Traseira;2;0;0;0;0;0;0;0;0;0;2;0;0;0;0
ECOPONTE;20/02/2021;12:59:00;32;AC03 - Acidente sem VITIMA;325,2;Subida do Vão Central;Sul;Colisão - Lateral;3;0;0;0;0;0;0;0;0;0;2;0;0;0;0
ECOPONTE;20/02/2021;13:24:00;34;AC03 - Acidente sem VITIMA;322,8;Praça de Pedágio;Sul;Colisão - Lateral;1;0;2;0;0;0;0;0;0;0;2;0;0;0;0
ECOPONTE;20/02/2021;15:22:00;47;AC02 - Acidente com VITIMA;322,3;Acessos Niterói;Norte;Queda de moto;0;0;0;1;0;0;0;0;0;0;0;2;0;0;0
ECOPONTE;20/02/2021;20:44:00;77;AC03 - Acidente sem VITIMA;329,5;Retão;Norte;Colisão - Traseira;1;0;0;1;0;0;0;0;0;0;2;0;0;0;0
ECOPONTE;20/02/2021;20:50:00;78;AC03 - Acidente sem VITIMA;334;Emergência I;Sul;Choque Defensa;1;0;0;0;0;0;0;0;0;0;1;0;0;0;0
ECOPONTE;20/02/2021;22:49:00;85;AC03 - Acidente sem VITIMA;322,4;Acessos Niterói;Norte;Choque Defensa;0;0;0;0;0;1;0;0;0;0;1;0;0;0;0
ECOPONTE;21/02/2021;04:47:00;7;AC03 - Acidente sem VITIMA;321;Acessos Niterói;Norte;Colisão - Frontal;2;0;0;0;0;0;0;0;0;0;2;0;0;0;0
ECOPONTE;22/02/2021;10:45:00;55;AC02 - Acidente com VITIMA;332;Curvão;Sul;Engavetamento;2;0;1;0;0;0;0;0;0;1;0;8;0;0;0
ECOPONTE;23/02/2021;07:19:00;23;AC03 - Acidente sem VITIMA;323,7;Cajú;Sul;Colisão - Lateral;2;0;0;0;0;0;0;0;0;0;1;0;0;0;0
ECOPONTE;24/02/2021;09:24:00;34;AC03 - Acidente sem VITIMA;328,3;Subida do Vão Central;Norte;Colisão - Traseira;0;0;2;0;0;0;0;0;0;0;2;0;0;0;0
ECOPONTE;25/02/2021;19:08:00;92;AC03 - Acidente sem VITIMA;331;Retão;Norte;Colisão - Traseira;1;0;0;1;0;0;0;0;0;0;2;0;0;0;0
ECOPONTE;27/02/2021;09:26:00;38;AC02 - Acidente com VITIMA;321;Acessos Niterói;Sul;Queda de moto;0;0;0;1;0;0;0;0;0;0;0;1;0;0;0
ECOPONTE;28/02/2021;04:57:00;13;AC03 - Acidente sem VITIMA;322,8;Praça de Pedágio;Norte;Choque Defensa;1;0;0;0;0;0;0;0;0;0;1;0;0;0;0
ECOPONTE;28/02/2021;05:16:00;14;AC02 - Acidente com VITIMA;322,8;Praça de Pedágio;Norte;Choque veículo parado na pista;1;0;0;0;0;0;0;0;0;2;1;2;0;0;0
ECOPONTE;02/03/2021;06:56:00;20;AC02 - Acidente com VITIMA;327,2;Descida do Vão Central;Sul;Colisão - Traseira;2;0;0;1;0;0;0;0;0;0;0;4;0;0;0
ECOPONTE;05/03/2021;18:03:00;115;AC02 - Acidente com VITIMA;324,3;Cajú;Norte;Colisão - Lateral;1;0;0;1;0;0;0;0;0;0;0;2;0;0;0
ECOPONTE;05/03/2021;19:25:00;133;AC02 - Acidente com VITIMA;333,5;Emergência I;Sul;Choque Defensa;1;0;0;0;0;0;0;0;0;0;0;1;0;0;0
ECOPONTE;05/03/2021;20:12:00;146;AC02 - Acidente com VITIMA;321;Acessos Niterói;Sul;Colisão - Traseira;1;0;0;0;0;0;0;0;0;1;0;2;0;0;0
ECOPONTE;06/03/2021;12:15:00;58;AC03 - Acidente sem VITIMA;324,3;Cajú;Norte;Colisão - Traseira;2;0;0;0;0;0;0;0;0;0;2;0;0;0;0
ECOPONTE;11/03/2021;10:12:00;33;AC02 - Acidente com VITIMA;322,3;Acessos Niterói;Norte;Choque veículo parado na pista;1;0;0;1;0;0;0;0;0;0;0;0;1;0;0
ECOPONTE;11/03/2021;16:23:00;79;AC02 - Acidente com VITIMA;328,5;Descida do Vão Central;Sul;Engavetamento;6;0;0;0;0;0;0;0;0;0;2;5;0;0;0
ECOPONTE;12/03/2021;11:27:00;39;AC02 - Acidente com VITIMA;330;Retão;Norte;Choque veículo parado na pista;1;0;0;1;0;0;0;0;0;0;6;0;1;0;0
ECOPONTE;12/03/2021;12:38:00;44;AC02 - Acidente com VITIMA;332,7;Emergência II;Norte;Engavetamento;1;0;1;0;1;0;0;0;0;0;2;1;0;0;0
ECOPONTE;14/03/2021;17:05:00;53;AC02 - Acidente com VITIMA;326,7;Vão Central;Norte;Choque veículo parado na pista;1;0;0;1;0;0;0;0;0;0;0;2;0;0;0
ECOPONTE;15/03/2021;12:37:00;82;AC02 - Acidente com VITIMA;323,3;Cajú;Norte;Engavetamento;3;0;0;0;0;0;0;0;0;0;0;4;0;0;0
ECOPONTE;15/03/2021;14:38:00;94;AC02 - Acidente com VITIMA;321,9;Acessos Niterói;Norte;Colisão - Lateral;1;0;1;0;0;0;0;0;0;0;0;3;0;0;0
ECOPONTE;16/03/2021;12:32:00;41;AC02 - Acidente com VITIMA;331;Retão;Norte;Colisão - Traseira;1;0;0;1;0;0;0;0;0;1;0;4;0;0;0
ECOPONTE;17/03/2021;06:27:00;6;AC02 - Acidente com VITIMA;325,6;Subida do Vão Central;Sul;Engavetamento;5;0;0;0;0;0;0;0;0;1;6;2;0;0;0
ECOPONTE;19/03/2021;16:52:00;106;AC02 - Acidente com VITIMA;329,4;Retão;Norte;Colisão - Lateral;1;0;0;1;0;0;0;0;0;0;0;2;0;0;0
ECOPONTE;19/03/2021;19:19:00;129;AC02 - Acidente com VITIMA;325,6;Descida do Vão Central;Norte;Colisão - Traseira;1;0;0;0;1;0;0;0;0;0;1;1;0;0;0
ECOPONTE;19/03/2021;21:33:00;155;AC03 - Acidente sem VITIMA;322,8;Praça de Pedágio;Norte;Colisão - Traseira;2;0;0;0;0;0;0;0;0;0;2;0;0;0;0
ECOPONTE;20/03/2021;15:06:00;70;AC02 - Acidente com VITIMA;322,2;Acessos Niterói;Norte;Colisão - Traseira;1;0;0;1;0;0;0;0;0;0;1;2;0;0;0
ECOPONTE;20/03/2021;16:16:00;77;AC03 - Acidente sem VITIMA;321,9;Acessos Niterói;Norte;Choque Praça;0;0;1;0;0;0;0;0;0;0;1;0;0;0;0
ECOPONTE;22/03/2021;06:38:00;10;AC02 - Acidente com VITIMA;323,8;Cajú;Norte;Colisão - Traseira;1;0;0;1;0;0;0;0;0;0;1;0;0;1;0
ECOPONTE;23/03/2021;06:49:00;16;AC03 - Acidente sem VITIMA;329,4;Retão;Norte;Choque veículo parado na pista;1;0;1;0;0;0;0;0;0;0;2;0;0;0;0
ECOPONTE;25/03/2021;08:52:00;23;AC03 - Acidente sem VITIMA;330,9;Retão;Sul;Colisão - Lateral;1;0;0;1;0;0;0;0;0;0;2;0;0;0;0
ECOPONTE;26/03/2021;23:43:00;98;AC02 - Acidente com VITIMA;321,9;Acessos Niterói;Norte;Choque Defensa;0;0;1;0;0;0;0;0;0;0;0;1;0;0;0
ECOPONTE;27/03/2021;12:30:00;42;AC02 - Acidente com VITIMA;329,2;Retão;Sul;Colisão - Lateral;3;0;0;0;0;0;0;0;0;0;3;1;0;0;0
ECOPONTE;28/03/2021;12:56:00;28;AC02 - Acidente com VITIMA;321,9;Acessos Niterói;Norte;Colisão - Lateral;1;0;0;1;0;0;0;0;0;0;2;2;0;0;0
ECOPONTE;28/03/2021;19:18:00;52;AC02 - Acidente com VITIMA;331,4;Curvão;Sul;Colisão - Traseira;2;0;0;0;0;0;0;0;0;0;1;1;0;0;0
ECOPONTE;31/03/2021;20:11:00;93;AC02 - Acidente com VITIMA;321;Acessos Niterói;Sul;Atropelamento;1;0;0;0;0;0;0;0;0;0;1;0;0;1;0
ECOPONTE;01/04/2021;22:29:00;104;AC02 - Acidente com VITIMA;322,4;Acessos Niterói;Norte;Engavetamento;3;0;0;0;0;0;0;0;0;0;1;3;0;0;0
ECOPONTE;04/04/2021;09:13:00;18;AC02 - Acidente com VITIMA;334;Emergência I;Norte;Choque veículo parado na pista;2;0;0;0;0;0;0;0;0;0;1;1;0;0;0
ECOPONTE;05/04/2021;15:56:00;67;AC02 - Acidente com VITIMA;323,8;Cajú;Sul;Queda de moto;0;0;0;1;0;0;0;0;0;0;0;1;0;0;0
ECOPONTE;06/04/2021;12:56:00;50;AC02 - Acidente com VITIMA;333,1;Emergência I;Sul;Colisão - Traseira;1;0;2;0;0;0;0;0;0;0;0;3;0;0;0
ECOPONTE;06/04/2021;15:07:00;64;AC02 - Acidente com VITIMA;321,9;Acessos Niterói;Norte;Colisão - Traseira;1;0;0;0;0;0;0;0;0;1;3;1;0;0;0
ECOPONTE;07/04/2021;08:00:00;17;AC02 - Acidente com VITIMA;321;Acessos Niterói;Sul;Engavetamento;1;0;0;1;1;0;0;0;0;0;2;1;0;0;0
ECOPONTE;07/04/2021;16:34:00;54;AC02 - Acidente com VITIMA;330,4;Retão;Norte;Choque veículo parado na pista;0;0;0;1;0;0;0;0;0;1;3;0;0;1;0
ECOPONTE;09/04/2021;16:36:00;82;AC02 - Acidente com VITIMA;326,4;Vão Central;Norte;Colisão - Lateral;1;0;0;1;0;0;0;0;0;0;4;1;0;0;0
ECOPONTE;10/04/2021;14:30:00;43;AC02 - Acidente com VITIMA;330,5;Retão;Norte;Choque veículo parado na pista;1;0;1;0;0;0;0;0;0;0;1;0;0;2;0
ECOPONTE;11/04/2021;05:34:00;8;AC02 - Acidente com VITIMA;323,3;Cajú;Sul;Colisão - Traseira;1;0;0;1;0;0;0;0;0;0;1;1;0;0;0
ECOPONTE;12/04/2021;17:35:00;68;AC02 - Acidente com VITIMA;328,5;Subida do Vão Central;Norte;Colisão - Lateral;2;0;0;0;0;0;0;0;0;0;0;2;0;0;0
ECOPONTE;14/04/2021;12:14:00;41;AC02 - Acidente com VITIMA;331,7;Curvão;Norte;Choque veículo parado na pista;2;0;0;0;0;0;0;0;0;0;3;2;0;0;0
ECOPONTE;15/04/2021;09:38:00;41;AC03 - Acidente sem VITIMA;322,4;Acessos Niterói;Norte;Engavetamento;3;0;0;0;0;0;0;0;0;0;3;0;0;0;0
ECOPONTE;16/04/2021;07:37:00;17;AC03 - Acidente sem VITIMA;332,7;Emergência II;Sul;Colisão - Lateral;0;0;0;1;0;0;0;0;0;0;1;0;0;0;0
ECOPONTE;16/04/2021;09:49:00;32;AC03 - Acidente sem VITIMA;329,5;Retão;Sul;Choque veículo parado na pista;1;0;0;1;0;0;0;0;0;0;2;0;0;0;0
ECOPONTE;16/04/2021;15:18:00;64;AC03 - Acidente sem VITIMA;326,7;Vão Central;Norte;Colisão - Traseira;2;0;0;0;0;0;0;0;0;0;2;0;0;0;0
ECOPONTE;19/04/2021;15:34:00;65;AC02 - Acidente com VITIMA;326,3;Descida do Vão Central;Norte;Choque veículo parado na pista;2;0;0;0;0;0;0;0;0;0;0;7;0;0;0
ECOPONTE;21/04/2021;02:54:00;2;AC02 - Acidente com VITIMA;331,8;Curvão;Norte;Colisão - Frontal;1;0;0;1;0;0;0;0;0;0;1;0;1;0;0
ECOPONTE;21/04/2021;17:35:00;48;AC02 - Acidente com VITIMA;321;Acessos Niterói;Norte;Choque Defensa;2;0;0;0;0;0;0;0;0;0;1;1;0;0;0
ECOPONTE;25/04/2021;14:20:00;37;AC03 - Acidente sem VITIMA;328,3;Subida do Vão Central;Norte;Choque veículo parado na pista;2;0;0;0;0;0;0;0;0;0;2;0;0;0;0
ECOPONTE;26/04/2021;15:34:00;59;AC03 - Acidente sem VITIMA;330,5;Retão;Sul;Atropelamento de Animal;0;0;0;0;0;0;0;0;0;0;0;0;0;0;0
ECOPONTE;27/04/2021;18:39:00;85;AC03 - Acidente sem VITIMA;322,8;Praça de Pedágio;Sul;Colisão - Traseira;2;0;0;0;0;0;0;0;0;0;2;0;0;0;0
ECOPONTE;28/04/2021;15:08:00;62;AC02 - Acidente com VITIMA;330,5;Retão;Sul;Choque veículo parado na pista;1;0;0;1;0;0;0;0;0;0;2;1;0;0;0
ECOPONTE;28/04/2021;23:21:00;107;AC03 - Acidente sem VITIMA;321,9;Acessos Niterói;Sul;Choque - Meio Fio;1;0;0;0;0;0;0;0;0;0;1;0;0;0;0
ECOPONTE;29/04/2021;02:26:00;5;AC03 - Acidente sem VITIMA;321,9;Acessos Niterói;Norte;Atropelamento de Animal;0;0;0;0;0;0;0;0;0;1;1;0;0;0;0
ECOPONTE;30/04/2021;11:09:00;39;AC02 - Acidente com VITIMA;323,8;Cajú;Sul;Engavetamento;3;0;0;1;0;0;0;0;0;0;4;1;0;0;0
ECOPONTE;30/04/2021;21:46:00;125;AC03 - Acidente sem VITIMA;329,4;Retão;Norte;Colisão - Traseira;2;0;0;0;0;0;0;0;0;0;2;0;0;0;0
ECOPONTE;01/05/2021;20:01:00;105;AC02 - Acidente com VITIMA;321;Acessos Niterói;Norte;Choque Defensa;1;0;0;0;0;0;0;0;0;0;0;1;0;0;0
ECOPONTE;02/05/2021;08:53:00;21;AC02 - Acidente com VITIMA;330;Retão;Norte;Colisão - Traseira;2;0;0;0;0;0;0;0;0;0;0;2;0;0;0
ECOPONTE;03/05/2021;01:00:00;1;AC03 - Acidente sem VITIMA;321;Acessos Niterói;Norte;Choque Defensa;1;0;0;0;0;0;0;0;0;0;1;0;0;0;0
ECOPONTE;05/05/2021;15:19:00;72;AC02 - Acidente com VITIMA;322,3;Acessos Niterói;Norte;Engavetamento;3;0;0;0;0;0;0;0;0;0;0;7;0;0;0
ECOPONTE;05/05/2021;15:45:00;76;AC02 - Acidente com VITIMA;322,4;Acessos Niterói;Norte;Colisão - Traseira;1;0;0;0;1;0;0;0;0;0;0;3;0;0;0
ECOPONTE;07/05/2021;12:06:00;44;AC03 - Acidente sem VITIMA;330,9;Retão;Norte;Colisão - Traseira;2;0;0;0;0;0;0;0;0;0;2;0;0;0;0
ECOPONTE;09/05/2021;13:31:00;46;AC03 - Acidente sem VITIMA;328,6;Subida do Vão Central;Norte;Choque veículo parado na pista;2;0;0;0;0;0;0;0;0;0;5;0;0;0;0
ECOPONTE;10/05/2021;18:19:00;108;AC03 - Acidente sem VITIMA;325,6;Descida do Vão Central;Norte;Colisão - Lateral;2;0;0;1;0;0;0;0;0;0;8;0;0;0;0
ECOPONTE;11/05/2021;07:09:00;20;AC02 - Acidente com VITIMA;330,5;Retão;Sul;Choque Defensa;2;0;0;0;0;0;0;0;0;0;0;1;0;0;0
ECOPONTE;12/05/2021;06:52:00;12;AC02 - Acidente com VITIMA;322,1;Acessos Niterói;Sul;Colisão - Traseira;0;0;1;1;0;0;0;0;0;0;0;2;0;0;0
ECOPONTE;12/05/2021;07:17:00;14;AC03 - Acidente sem VITIMA;321;Acessos Niterói;Sul;Colisão - Traseira;1;0;0;0;1;0;0;0;0;0;2;0;0;0;0
ECOPONTE;12/05/2021;08:11:00;24;AC02 - Acidente com VITIMA;322,3;Acessos Niterói;Norte;Colisão - Lateral;1;0;0;1;0;0;0;0;0;0;0;3;0;0;0
ECOPONTE;13/05/2021;17:06:00;69;AC03 - Acidente sem VITIMA;329,7;Retão;Norte;Colisão - Traseira;2;0;0;2;0;0;0;0;0;0;4;0;0;0;0
ECOPONTE;13/05/2021;17:17:00;72;AC03 - Acidente sem VITIMA;327,1;Subida do Vão Central;Norte;Colisão - Lateral;1;0;0;2;0;0;0;0;0;0;6;0;0;0;0
ECOPONTE;14/05/2021;06:44:00;15;AC03 - Acidente sem VITIMA;322,3;Acessos Niterói;Sul;Queda de moto;0;0;0;1;0;0;0;0;0;0;2;0;0;0;0
ECOPONTE;16/05/2021;06:22:00;9;AC03 - Acidente sem VITIMA;333,4;Emergência I;Norte;Choque Defensa;1;0;0;0;0;0;0;0;0;0;1;0;0;0;0
ECOPONTE;16/05/2021;11:18:00;25;AC02 - Acidente com VITIMA;321,9;Acessos Niterói;Norte;Colisão - Lateral;1;0;0;1;0;0;0;0;0;0;2;1;0;0;0
ECOPONTE;17/05/2021;12:39:00;48;AC03 - Acidente sem VITIMA;322,4;Acessos Niterói;Norte;Choque Praça;0;0;1;0;0;0;0;0;0;0;1;0;0;0;0
ECOPONTE;19/05/2021;17:01:00;66;AC03 - Acidente sem VITIMA;327,2;Subida do Vão Central;Norte;Choque veículo parado na pista;2;0;0;0;0;0;0;0;0;0;2;0;0;0;0
ECOPONTE;22/05/2021;04:57:00;13;AC02 - Acidente com VITIMA;326,9;Subida do Vão Central;Norte;Colisão - Traseira;1;0;0;0;0;0;0;0;0;1;0;2;0;0;0
ECOPONTE;22/05/2021;17:22:00;78;AC03 - Acidente sem VITIMA;331;Retão;Sul;Choque Defensa;1;0;0;0;0;0;0;0;0;0;1;0;0;0;0
ECOPONTE;22/05/2021;18:08:00;82;AC02 - Acidente com VITIMA;326,6;Vão Central;Norte;Queda de moto;0;0;0;1;0;0;0;0;0;0;0;2;0;0;0
ECOPONTE;23/05/2021;02:02:00;7;AC02 - Acidente com VITIMA;324,3;Cajú;Sul;Queda de moto;0;0;0;1;0;0;0;0;0;0;0;1;0;0;0
ECOPONTE;23/05/2021;18:28:00;86;AC02 - Acidente com VITIMA;321;Acessos Niterói;Norte;Colisão - Traseira;1;0;2;0;0;0;0;0;0;0;0;6;0;0;0
ECOPONTE;24/05/2021;11:30:00;52;AC03 - Acidente sem VITIMA;324,3;Cajú;Norte;Colisão - Traseira;1;0;0;1;0;0;0;0;0;0;1;0;0;0;0
ECOPONTE;25/05/2021;01:47:00;5;AC03 - Acidente sem VITIMA;321;Acessos Niterói;Sul;Colisão - Transversal;1;0;0;1;0;0;0;0;0;0;2;0;0;0;0
ECOPONTE;26/05/2021;10:25:00;37;AC02 - Acidente com VITIMA;324,7;Descida do Vão Central;Norte;Queda de moto;0;0;0;1;0;0;0;0;0;0;0;2;0;0;0
ECOPONTE;26/05/2021;12:16:00;48;AC03 - Acidente sem VITIMA;323,7;Cajú;Norte;Engavetamento;5;0;0;0;0;0;0;0;0;0;5;0;0;0;0