concessionaria;data;horario;n_da_ocorrencia;tipo_de_ocorrencia;km;trecho;sentido;tipo_de_acidente;automovel;bicicleta;caminhao;moto;onibus;outros;tracao_animal;transporte_de_cargas_especiais;trator_maquinas;utilitarios;ilesos;levemente_feridos;moderadamente_feridos;gravemente_feridos;mortos
ECOPONTE;27/05/2021;21:15:00;109;AC02 - Acidente com VITIMA;326,6;Vão Central;Norte;Queda de moto;0;0;0;1;0;0;0;0;0;0;0;1;0;0;0
ECOPONTE;28/05/2021;14:59:00;61;AC02 - Acidente com VITIMA;329,5;Retão;Sul;Choque veículo parado na pista;1;0;0;1;0;0;0;0;0;0;1;0;1;0;0
ECOPONTE;31/05/2021;16:30:00;78;AC02 - Acidente com VITIMA;322;Acessos Niterói;Norte;Colisão - Traseira;2;0;0;0;0;0;0;0;0;0;0;2;0;0;0
ECOPONTE;02/06/2021;08:22:00;30;AC03 - Acidente sem VITIMA;325,1;Subida do Vão Central;Sul;Colisão - Lateral;1;0;0;1;0;0;0;0;0;0;4;0;0;0;0
ECOPONTE;02/06/2021;08:40:00;33;AC02 - Acidente com VITIMA;325,6;Subida do Vão Central;Sul;Colisão - Traseira;1;0;0;1;0;0;0;0;0;0;1;1;0;0;0
ECOPONTE;02/06/2021;15:20:00;100;AC02 - Acidente com VITIMA;334;Emergência I;Sul;Choque Defensa;1;0;0;0;0;0;0;0;0;0;0;1;0;0;0
ECOPONTE;02/06/2021;15:21:00;101;AC03 - Acidente sem VITIMA;324,3;Cajú;Norte;Engavetamento;2;0;0;0;0;0;0;0;0;1;3;0;0;0;0
ECOPONTE;06/06/2021;04:25:00;9;AC02 - Acidente com VITIMA;322,4;Acessos Niterói;Norte;Choque Defensa;1;0;0;0;0;0;0;0;0;0;0;2;0;0;0
ECOPONTE;06/06/2021;12:29:00;42;AC03 - Acidente sem VITIMA;322,8;Praça de Pedágio;Norte;Engavetamento;3;0;0;0;0;0;0;0;0;0;8;0;0;0;0
ECOPONTE;07/06/2021;01:23:00;6;AC02 - Acidente com VITIMA;322,4;Acessos Niterói;Norte;Colisão - Lateral;1;0;0;0;0;0;0;0;0;1;0;2;0;0;0
ECOPONTE;08/06/2021;07:07:00;11;AC02 - Acidente com VITIMA;329,5;Retão;Norte;Choque veículo parado na pista;2;0;0;0;0;0;0;0;0;1;4;0;1;0;0
ECOPONTE;10/06/2021;05:52:00;16;AC03 - Acidente sem VITIMA;321;Acessos Niterói;Sul;Choque com objeto sobre a pist;2;0;0;0;0;0;0;0;0;0;2;0;0;0;0
ECOPONTE;11/06/2021;05:18:00;12;AC02 - Acidente com VITIMA;321;Acessos Niterói;Norte;Choque - Meio Fio;1;0;0;0;0;0;0;0;0;0;0;1;0;0;0
ECOPONTE;15/06/2021;18:47:00;92;AC02 - Acidente com VITIMA;323,5;Cajú;Norte;Engavetamento;2;0;0;0;0;0;0;0;0;1;0;3;0;0;0
ECOPONTE;18/06/2021;13:03:00;46;AC02 - Acidente com VITIMA;328,8;Subida do Vão Central;Norte;Choque veículo parado na pista;1;0;0;1;0;0;0;0;0;0;2;2;0;0;0
ECOPONTE;19/06/2021;05:57:00;23;AC03 - Acidente sem VITIMA;330,6;Retão;Norte;Colisão - Traseira;2;0;0;0;0;0;0;0;0;0;8;0;0;0;0
ECOPONTE;19/06/2021;07:20:00;29;AC03 - Acidente sem VITIMA;321,9;Acessos Niterói;Norte;Colisão - Lateral;1;0;0;0;0;0;0;0;0;1;2;0;0;0;0
ECOPONTE;20/06/2021;05:52:00;8;AC02 - Acidente com VITIMA;327,2;Descida do Vão Central;Sul;Colisão - Traseira;2;0;0;0;0;0;0;0;0;0;5;1;0;0;0
ECOPONTE;20/06/2021;06:10:00;9;AC03 - Acidente sem VITIMA;326,5;Vão Central;Sul;Choque Defensa;1;0;0;0;0;0;0;0;0;0;1;0;0;0;0
ECOPONTE;22/06/2021;06:21:00;9;AC02 - Acidente com VITIMA;323,7;Cajú;Sul;Colisão - Traseira;1;0;0;1;0;0;0;0;0;0;1;1;0;0;0
ECOPONTE;23/06/2021;19:27:00;72;AC02 - Acidente com VITIMA;323,8;Cajú;Norte;Queda de moto;0;0;0;1;0;0;0;0;0;0;0;1;0;0;0
ECOPONTE;26/06/2021;12:09:00;40;AC02 - Acidente com VITIMA;322,8;Praça de Pedágio;Norte;Colisão - Traseira;0;0;0;1;0;0;0;0;0;1;1;1;0;0;0
ECOPONTE;27/06/2021;19:09:00;45;AC02 - Acidente com VITIMA;327,6;Subida do Vão Central;Norte;Choque veículo parado na pista;2;0;0;0;0;0;0;0;0;0;0;3;0;0;0
ECOPONTE;28/06/2021;05:29:00;7;AC02 - Acidente com VITIMA;321,9;Acessos Niterói;Norte;Colisão - Traseira;1;0;1;0;0;0;0;0;0;0;3;1;0;0;0
ECOPONTE;28/06/2021;08:03:00;20;AC03 - Acidente sem VITIMA;328,8;Subida do Vão Central;Norte;Queda de moto;0;0;0;1;0;0;0;0;0;0;2;0;0;0;0
ECOPONTE;28/06/2021;08:16:00;22;AC03 - Acidente sem VITIMA;321;Acessos Niterói;Sul;Engavetamento;3;0;0;0;0;0;0;0;0;0;3;0;0;0;0
ECOPONTE;28/06/2021;12:01:00;39;AC03 - Acidente sem VITIMA;322,4;Acessos Niterói;Norte;Colisão - Traseira;0;0;2;0;0;0;0;0;0;0;2;0;0;0;0
ECOPONTE;28/06/2021;19:17:00;82;AC02 - Acidente com VITIMA;322,1;Acessos Niterói;Norte;Colisão - Traseira;1;0;0;1;0;0;0;0;0;0;0;3;0;0;0
ECOPONTE;01/07/2021;11:09:13;46;ac02 - Acidente com vítima;322,42;PT;Norte;Atropelamento - Pedestre;2;;;;;;;;;;0;3;;;
ECOPONTE;01/07/2021;19:36:30;110;ac02 - Acidente com vítima;327,6;PT;Norte;Colisão lateral no mesmo sentido;1;;;1;;;;;;;0;3;;;
ECOPONTE;01/07/2021;21:06:38;123;ac03 - Acidente com vítima ilesa;322,05;N03;Sul;Colisão Traseira;1;;1;;;;;;;;2;;;;
ECOPONTE;02/07/2021;13:09:13;61;ac03 - Acidente com vítima ilesa;327,44;PT;Norte;Colisão Traseira;2;;;;;;;;;;2;;;;
ECOPONTE;02/07/2021;16:35:33;83;ac03 - Acidente com vítima ilesa;330,96;PT;Norte;Colisão Traseira;2;;;;;;;;;;2;;;;
ECOPONTE;02/07/2021;16:45:27;84;ac03 - Acidente com vítima ilesa;322,42;PT;Norte;Engavetamento;3;;;;;;;;;;3;;;;
ECOPONTE;03/07/2021;00:36:13;3;ac03 - Acidente com vítima ilesa;332,1;PT;Norte;Choque - Meio fio;1;;;;;;;;;;1;;;;
ECOPONTE;04/07/2021;10:49:33;25;ac02 - Acidente com vítima;325,6;PT;Sul;Colisão Traseira;1;;;1;;;;;;;2;;;1;
ECOPONTE;04/07/2021;14:46:50;37;ac03 - Acidente com vítima ilesa;326,44;PT;Sul;Choque - Veiculo parado na pista;3;;;;;;;;;;5;;;;
ECOPONTE;06/07/2021;18:27:12;67;ac03 - Acidente com vítima ilesa;324,04;PT;Norte;Colisão lateral no mesmo sentido;;;1;;1;;;;;;2;;;;
ECOPONTE;06/07/2021;19:05:34;72;ac02 - Acidente com vítima;329,52;PT;Norte;Colisão Traseira;1;;;1;;;;;;;0;2;;;
ECOPONTE;09/07/2021;13:38:35;51;ac03 - Acidente com vítima ilesa;333,62;PT;Sul;Colisão Traseira;2;;;;;;;;;;2;;;;
ECOPONTE;10/07/2021;16:03:20;68;ac03 - Acidente com vítima ilesa;323,78;PT;Norte;Colisão Traseira;2;;;;;;;;;;2;;;;
ECOPONTE;10/07/2021;16:19:38;72;ac02 - Acidente com vítima;324,8;PT;Sul;Colisão lateral no mesmo sentido;1;;;1;;;;;;;0;5;;;
ECOPONTE;11/07/2021;01:30:59;2;ac01 - Acidente com vitima fatal;0,05;N10;Norte;Choque - Defensa;1;;;;;;;;;;0;;1;1;1
ECOPONTE;14/07/2021;06:09:27;8;ac03 - Acidente com vítima ilesa;330,96;PT;Norte;Colisão Traseira;1;;;;;;;;;;1;;;;
ECOPONTE;14/07/2021;14:17:11;57;ac03 - Acidente com vítima ilesa;322,255;PT;Norte;Colisão Traseira;;;2;;;;;;;;2;;;;
ECOPONTE;15/07/2021;06:50:24;10;ac02 - Acidente com vítima;323,56;PT;Sul;Colisão Traseira;2;;;;;;;;;;1;1;;;
ECOPONTE;15/07/2021;20:43:57;95;ac03 - Acidente com vítima ilesa;333,62;PT;Norte;Colisão Traseira;2;;;;;;;;;;4;;;;
ECOPONTE;16/07/2021;10:14:35;33;ac03 - Acidente com vítima ilesa;333,364;PT;Norte;Engavetamento;4;;;;;;;;;;10;;;;
ECOPONTE;16/07/2021;12:40:20;52;ac03 - Acidente com vítima ilesa;0,6;R1;Sul;Colisão lateral no mesmo sentido;2;;;;;;;;;;2;;;;
ECOPONTE;16/07/2021;21:22:33;141;ac03 - Acidente com vítima ilesa;329,52;PT;Norte;Engavetamento;3;;;;;;;;;;3;;;;
ECOPONTE;16/07/2021;22:21:36;154;ac02 - Acidente com vítima;323,07;PT;Norte;Queda de Moto;1;;;1;;;;;;;1;2;;;
ECOPONTE;17/07/2021;10:16:11;29;ac03 - Acidente com vítima ilesa;327,792;PT;Norte;Colisão Traseira;2;;;;;;;;;;2;;;;
ECOPONTE;17/07/2021;12:16:36;44;ac03 - Acidente com vítima ilesa;325,28;PT;Norte;Colisão Traseira;2;;;;;;;;;;2;;;;
ECOPONTE;17/07/2021;18:29:11;109;ac03 - Acidente com vítima ilesa;322,42;PT;Norte;Colisão lateral no mesmo sentido;;;1;;1;;;;;;2;;;;
ECOPONTE;19/07/2021;10:56:50;40;ac02 - Acidente com vítima;324,8;PT;Sul;Colisão Traseira;2;;;;;;;;;;3;1;;;
ECOPONTE;21/07/2021;18:04:07;64;ac02 - Acidente com vítima;332,91;PT;Norte;Colisão lateral no mesmo sentido;1;;;;;;;;;;0;1;;;
ECOPONTE;23/07/2021;16:48:51;88;ac02 - Acidente com vítima;327,6;PT;Norte;Colisão Traseira;2;;;;;;;;;;0;2;;;
ECOPONTE;23/07/2021;22:04:02;130;ac03 - Acidente com vítima ilesa;322,06;N03;Sul;Engavetamento;3;;;;;;;;;;3;;;;
ECOPONTE;24/07/2021;10:49:25;53;ac02 - Acidente com vítima;325,6;PT;Sul;Colisão lateral no mesmo sentido;1;;;1;;;;;;;3;;1;;
ECOPONTE;25/07/2021;03:49:57;6;ac02 - Acidente com vítima;0;N01;Sul;Queda de Moto;;;;1;;;;;;;0;1;;;
ECOPONTE;26/07/2021;11:27:20;37;ac03 - Acidente com vítima ilesa;322,255;PT;Norte;Colisão Traseira;1;;;1;;;;;;;2;;;;
ECOPONTE;26/07/2021;14:13:12;57;ac02 - Acidente com vítima;328,56;PT;Sul;Engavetamento;4;;;;;;;;;;0;13;;;
ECOPONTE;28/07/2021;17:39:31;68;ac03 - Acidente com vítima ilesa;323,34;PT;Norte;Colisão lateral no mesmo sentido;2;;;1;;;;;;;3;;;;
ECOPONTE;30/07/2021;08:58:29;20;ac02 - Acidente com vítima;0;R1;Sul;Queda de Moto;1;;;;;;;;;;0;1;1;;
ECOPONTE;30/07/2021;14:14:47;50;ac03 - Acidente com vítima ilesa;322,255;PT;Sul;Colisão lateral no mesmo sentido;2;;1;;;;;;;;3;;;;
ECOPONTE;30/07/2021;16:32:50;63;ac03 - Acidente com vítima ilesa;323,07;PT;Norte;Engavetamento;3;;;;;;;;;;3;;;;
ECOPONTE;30/07/2021;22:50:51;128;ac02 - Acidente com vítima;327,6;PT;Norte;Colisão Traseira;2;;;;;;;;;;0;3;;;
ECOPONTE;31/07/2021;10:49:17;28;ac03 - Acidente com vítima ilesa;0;R1;Sul;Colisão Traseira;1;;;;;;;;;;1;;;;
ECOPONTE;31/07/2021;18:24:16;71;ac03 - Acidente com vítima ilesa;322,61;PT;Norte;Colisão Traseira;2;;;;;;;;;;2;;;;
ECOPONTE;01/08/2021;12:16:12;37;ac03 - Acidente com vítima ilesa;322,458;PT;Norte;Colisão Traseira;3;;;;;;;;;;3;;;;
ECOPONTE;02/08/2021;19:46:15;114;ac02 - Acidente com vítima;0;N10;Norte;Colisão lateral no mesmo sentido;1;;;1;1;;;;;;0;4;;;
ECOPONTE;03/08/2021;07:12:09;20;ac02 - Acidente com vítima;327,28;PT;Sul;Engavetamento;4;;;;;;;;;;5;1;;;
ECOPONTE;03/08/2021;07:17:24;22;ac02 - Acidente com vítima;328,56;PT;Sul;Choque - Meio Fio;1;;;;;;;;;;0;1;;;
ECOPONTE;03/08/2021;18:41:47;110;ac03 - Acidente com vítima ilesa;333,62;PT;Norte;Colisão Traseira;2;;;;;;;;;;2;;;;
ECOPONTE;04/08/2021;16:19:28;59;ac03 - Acidente com vítima ilesa;330,48;PT;Norte;Colisão Traseira;3;;;2;;;;;;;6;;;;
ECOPONTE;05/08/2021;07:31:20;21;ac03 - Acidente com vítima ilesa;322,255;PT;Sul;Colisão Traseira;2;;;;;;;;;;2;;;;
ECOPONTE;05/08/2021;14:58:04;56;ac03 - Acidente com vítima ilesa;322,8;PT;Norte;Engavetamento;3;;;;;;;;;;5;;;;
ECOPONTE;05/08/2021;20:16:58;96;ac03 - Acidente com vítima ilesa;322,61;PT;Norte;Colisão Traseira;2;;;;;;;;;;2;;;;
ECOPONTE;05/08/2021;21:09:08;103;ac02 - Acidente com vítima;333,7;R2A;Norte;Colisão Traseira;2;;;;;;;;;;1;1;;;
ECOPONTE;06/08/2021;00:31:22;2;ac02 - Acidente com vítima;324,04;PT;Norte;Colisão lateral no mesmo sentido;2;;1;;;;;;;;2;1;;;
ECOPONTE;06/08/2021;22:30:58;132;ac02 - Acidente com vítima;322,61;PT;Norte;Choque - Defensa;1;;;;;;;;;;0;1;;;
ECOPONTE;07/08/2021;19:53:58;100;ac03 - Acidente com vítima ilesa;322,255;PT;Norte;Colisão Traseira;2;;;;;;;;;;2;;;;
ECOPONTE;07/08/2021;23:30:24;112;ac03 - Acidente com vítima ilesa;328,8;PT;Norte;Choque - Meio fio;1;;;;;;;;;;1;;;;
ECOPONTE;08/08/2021;07:02:15;11;ac03 - Acidente com vítima ilesa;327,28;PT;Norte;Colisão Traseira;2;;;;;;;;;;2;;;;
ECOPONTE;08/08/2021;12:01:56;34;ac03 - Acidente com vítima ilesa;329,52;PT;Sul;Colisão Traseira;3;;;;;;;;;;5;;;;
ECOPONTE;08/08/2021;13:44:23;62;ac03 - Acidente com vítima ilesa;322,42;PT;Norte;Engavetamento;3;;;;;;;;;;3;;;;
ECOPONTE;08/08/2021;18:43:41;95;ac02 - Acidente com vítima;0;R1;Sul;Queda de Moto;;;;1;;;;;;;0;;;1;
ECOPONTE;09/08/2021;22:20:41;144;ac02 - Acidente com vítima;332,32;PT;Sul;Capotamento;1;;1;;;;;;;;1;1;;;
ECOPONTE;10/08/2021;18:17:20;84;ac03 - Acidente com vítima ilesa;327,84;PT;Norte;Colisão lateral no mesmo sentido;2;;;;;;;;;;2;;;;
ECOPONTE;11/08/2021;16:40:29;89;ac02 - Acidente com vítima;324,04;PT;Norte;Colisão lateral no mesmo sentido;;;;2;;;;;;;0;3;;;
ECOPONTE;12/08/2021;08:42:34;23;ac03 - Acidente com vítima ilesa;0;R3;Sul;Choque - Defensa;1;;;;;;;;;;1;;;;
ECOPONTE;15/08/2021;16:13:35;46;ac03 - Acidente com vítima ilesa;328,8;PT;Sul;Colisão Traseira;2;;;;;;;;;;2;;;;
ECOPONTE;15/08/2021;20:58:50;69;ac03 - Acidente com vítima ilesa;322,255;PT;Norte;Colisão Traseira;1;;1;;;1;;;;;3;;;;
ECOPONTE;16/08/2021;10:08:16;44;ac03 - Acidente com vítima ilesa;325,936;PT;Norte;Choque - Veiculo parado na pista;1;;;1;;;;;;;2;;;;
ECOPONTE;17/08/2021;06:30:14;4;ac02 - Acidente com vítima;0,1;N11;;Queda de Moto;;;;1;;;;;;;0;1;;;
ECOPONTE;17/08/2021;10:12:08;21;ac03 - Acidente com vítima ilesa;322,61;PT;Norte;Colisão lateral no mesmo sentido;1;;1;;;;;;;;3;;;;
ECOPONTE;17/08/2021;18:00:25;80;ac03 - Acidente com vítima ilesa;332,32;PT;Norte;Colisão lateral no mesmo sentido;1;;;1;;;;;;;2;;;;
ECOPONTE;20/08/2021;16:41:54;93;ac03 - Acidente com vítima ilesa;332,91;PT;Norte;Colisão Traseira;1;;;;;;;;;;1;;;;
ECOPONTE;20/08/2021;18:58:55;113;ac03 - Acidente com vítima ilesa;332,91;PT;Norte;Colisão Traseira;1;;;1;;;;;;;2;;;;
ECOPONTE;20/08/2021;19:52:00;132;ac03 - Acidente com vítima ilesa;330;PT;Sul;Colisão Traseira;2;;;;;;;;;;2;;;;
ECOPONTE;22/08/2021;10:36:25;26;ac03 - Acidente com vítima ilesa;322,089;PT;Norte;Colisão Traseira;1;;;;1;;;;;;2;;;;
ECOPONTE;23/08/2021;00:11:28;1;ac03 - Acidente com vítima ilesa;0;N09;Sul;Choque - Outros;1;;;;;;;;;;1;;;;
ECOPONTE;23/08/2021;19:40:22;91;ac03 - Acidente com vítima ilesa;329,52;PT;Norte;Colisão Traseira;2;;;;;;;;;;5;;;;
ECOPONTE;23/08/2021;19:57:43;93;ac03 - Acidente com vítima ilesa;325,344;PT;Sul;Colisão Traseira;2;;;;;;;;;;6;;;;
ECOPONTE;24/08/2021;12:15:46;43;ac03 - Acidente com vítima ilesa;321,6;N03;Sul;Colisão lateral no mesmo sentido;1;;1;;;;;;;;6;;;;
ECOPONTE;24/08/2021;13:33:36;50;ac03 - Acidente com vítima ilesa;328,8;PT;Norte;Queda de Moto;;;;1;;;;;;;1;;;;
ECOPONTE;24/08/2021;17:25:06;80;ac01 - Acidente com vitima fatal;322,42;PT;Norte;Choque - Defensa metálica;1;;;;;;;;;;0;1;;;
ECOPONTE;25/08/2021;08:24:26;35;ac03 - Acidente com vítima ilesa;324,3;PT;Sul;Engavetamento;4;;;;;;;;;;6;;;;
ECOPONTE;26/08/2021;02:15:43;5;ac03 - Acidente com vítima ilesa;0;N10;Norte;Choque - Defensa;1;;;;;;;;;;1;;;;
ECOPONTE;26/08/2021;03:58:51;10;ac03 - Acidente com vítima ilesa;324,3;PT;Norte;Colisão lateral no mesmo sentido;2;;;;;;;;;;2;;;;
ECOPONTE;28/08/2021;08:22:23;24;ac03 - Acidente com vítima ilesa;322,458;PT;Norte;Colisão Traseira;1;;;;;;;;;;0;;;;
ECOPONTE;29/08/2021;20:26:58;55;ac03 - Acidente com vítima ilesa;322,255;PT;Norte;Colisão Traseira;2;;;;;;;;;;2;;;;
ECOPONTE;30/08/2021;09:53:19;36;ac03 - Acidente com vítima ilesa;330;PT;Sul;Engavetamento;3;;;;;;;;;;3;;;;
ECOPONTE;30/08/2021;19:17:49;108;ac03 - Acidente com vítima ilesa;333,14;PT;Norte;Colisão Traseira;1;;2;;;;;;;;3;;;;
ECOPONTE;01/09/2021;12:04:10;58;ac03 - Acidente com vítima ilesa;0;N10;Norte;Atropelamento - Pedestre;1;;;;;;;;;;2;;;;
ECOPONTE;02/09/2021;07:09:58;20;ac03 - Acidente com vítima ilesa;330,24;PT;Sul;Colisão lateral no mesmo sentido;2;;;;;;;;;;4;;;;
ECOPONTE;02/09/2021;07:21:20;22;ac03 - Acidente com vítima ilesa;0,1;N12;Norte;Colisão lateral no mesmo sentido;2;;;;;;;;;;2;;;;
ECOPONTE;02/09/2021;15:13:13;78;in21 - Suícidio;329,088;PT;Sul;Queda de Ponte / Viaduto;1;;;;;;;;;;0;;;;1
ECOPONTE;03/09/2021;09:18:43;37;in21 - Suícidio;327,6;PT;Norte;Queda de Ponte / Viaduto;1;;;;;;;;;;0;;;1;
ECOPONTE;03/09/2021;18:50:15;115;ac02 - Acidente com vítima;326,272;PT;Sul;Colisão Traseira;1;;;1;;;;;;;3;;1;;
ECOPONTE;03/09/2021;19:31:46;119;ac03 - Acidente com vítima ilesa;322,8;PT;Norte;Colisão Traseira;2;;;;;;;;;;2;;;;
ECOPONTE;04/09/2021;05:35:33;17;ac03 - Acidente com vítima ilesa;322,089;PT;Norte;Colisão lateral no mesmo sentido;2;;;;;;;;;;5;;;;
ECOPONTE;04/09/2021;13:35:10;68;ac02 - Acidente com vítima;324,8;PT;Norte;Colisão Traseira;1;;;1;;;;;;;1;1;;;
ECOPONTE;05/09/2021;08:57:05;22;ac02 - Acidente com vítima;333,14;PT;Norte;Colisão lateral no mesmo sentido;1;;;1;;;;;;;1;;1;;
ECOPONTE;06/09/2021;06:59:05;8;ac03 - Acidente com vítima ilesa;325,088;PT;Norte;Colisão Traseira;1;;1;;;;;;;;2;;;;
ECOPONTE;08/09/2021;12:55:35;67;ac03 - Acidente com vítima ilesa;324,3;PT;Sul;Colisão Traseira;2;;;;;;;;;;2;;;;
ECOPONTE;09/09/2021;21:12:53;99;ac01 - Acidente com vitima fatal;326,944;PT;Norte;Queda de Moto;;;;1;;;;;;;0;;;;1
ECOPONTE;13/09/2021;11:59:24;53;ac02 - Acidente com vítima;326,44;PT;Norte;Colisão lateral no mesmo sentido;2;;;;;;;;;;0;2;;;
ECOPONTE;14/09/2021;11:23:03;46;ac03 - Acidente com vítima ilesa;333,46;PT;Norte;Colisão lateral no mesmo sentido;1;;2;;;;;;;;4;;;;
ECOPONTE;14/09/2021;13:16:28;61;ac03 - Acidente com vítima ilesa;0;N08;Norte;Choque - Meio fio;1;;;;;;;;;;1;;;;
ECOPONTE;16/09/2021;17:00:42;83;ac02 - Acidente com vítima;322,61;PT;Sul;Colisão lateral no mesmo sentido;2;;1;;;;;;;;7;1;;;
ECOPONTE;18/09/2021;16:11:24;58;ac02 - Acidente com vítima;326,272;PT;Sul;Colisão lateral no mesmo sentido;2;;;;1;;;;;;0;6;;;
ECOPONTE;18/09/2021;18:30:23;76;ac03 - Acidente com vítima ilesa;327,28;PT;Sul;Colisão lateral no mesmo sentido;1;;1;;;;;;;;4;;;;
ECOPONTE;19/09/2021;09:38:21;20;in21 - Suícidio;327,84;PT;Norte;Queda de Ponte / Viaduto;1;;;;;;;;;;0;;;1;
ECOPONTE;19/09/2021;15:05:01;47;ac02 - Acidente com vítima;322,42;PT;Norte;Engavetamento;3;;;;;;;;;;7;2;;;
ECOPONTE;20/09/2021;09:39:26;40;ac02 - Acidente com vítima;323,34;PT;Sul;Colisão Traseira;2;;;;;;;;;;1;2;;;
ECOPONTE;20/09/2021;17:18:03;90;ac03 - Acidente com vítima ilesa;325,088;PT;Sul;Colisão Traseira;2;;;;;;;;;;3;;;;
ECOPONTE;20/09/2021;17:22:54;91;ac03 - Acidente com vítima ilesa;325,136;PT;Sul;Colisão Traseira;2;;;;;;;;;;2;;;;
ECOPONTE;21/09/2021;06:34:51;15;ac02 - Acidente com vítima;333,14;PT;Norte;Choque - Veículo parado na pista;1;;1;;;;;;;;1;;1;;
ECOPONTE;22/09/2021;20:20:02;83;ac03 - Acidente com vítima ilesa;322,42;PT;Sul;Colisão lateral no mesmo sentido;1;;1;;;;;;;;3;;;;
ECOPONTE;22/09/2021;20:36:00;86;ac03 - Acidente com vítima ilesa;322,61;PT;Norte;Colisão lateral no mesmo sentido;1;;;;;;;;;;1;;;;
ECOPONTE;23/09/2021;10:15:16;38;ac02 - Acidente com vítima;0;N13;Sul;Atropelamento Ciclista;;1;;;1;;;;;;1;;;1;
ECOPONTE;24/09/2021;11:35:05;44;ac03 - Acidente com vítima ilesa;324,45;PT;Norte;Engavetamento;4;;;;;;;;;;4;;;;
ECOPONTE;24/09/2021;17:27:33;94;ac03 - Acidente com vítima ilesa;326,272;PT;Sul;Choque - Veículo parado na pista;5;;;;;;;;;;7;;;;
ECOPONTE;25/09/2021;01:40:29;9;ac03 - Acidente com vítima ilesa;323,07;PT;Norte;Choque - Defensa;1;;;;;;;;;;1;;;;
ECOPONTE;25/09/2021;02:23:28;10;ac03 - Acidente com vítima ilesa;323,34;PT;Norte;Colisão Traseira;2;;;;;;;;;;4;;;;
ECOPONTE;25/09/2021;11:30:46;44;ac03 - Acidente com vítima ilesa;322,188;PT;Norte;Colisão Traseira;1;;1;;;;;;;;5;;;;
ECOPONTE;26/09/2021;18:46:54;66;ac03 - Acidente com vítima ilesa;322,8;PT;Norte;Colisão Traseira;4;;;;;;;;;;8;;;;
ECOPONTE;28/09/2021;15:51:30;68;ac02 - Acidente com vítima;328,56;PT;Sul;Colisão Traseira;2;;;;;;;;;;3;1;;;